Transaction_ID,Date,Customer_ID,Gold_Type,Karat,Weight_Gram,Price_Per_Gram,Total_Price,Payment_Method,Store_Location
TXN-0295,2024-04-21,CUST-480,Perhiasan,24,35.55,1370210,48710965,Kartu Kredit,JKT Pusat
TXN-0809,2024-03-09,CUST-373,Perhiasan,18,,961081,11215815,Transfer Bank,Makassar
TXN-0364,2024-11-18,CUST-175,Perhiasan,24,49.59,1323332,65624033,QRIS,Bandung
TXN-0869,2025-09-30,CUST-313,Perhiasan,24,44.73,1352769,60509357,QRIS,Makassar
TXN-0326,2025-03-13,CUST-158,Koin,18,10.93,960581,10499150,Transfer Bank,Surabaya
TXN-0304,2025-11-11,CUST-110,Koin,24,38.79,1350607,52390045,Kartu Kredit,Makassar
TXN-0141,00-00-2024,CUST-427,Batangan,24,34.33,1362814,46785404,QRIS,Medan
TXN-0681,2025-02-18,CUST-268,Batangan,18,17.91,944426,16914669,QRIS,JKT Pusat
TXN-0714,2025-01-24,CUST-145,Batangan,22,8.01,1148229,9197314,Transfer Bank,Surabaya
TXN-0225,2025-11-02,CUST-384,Batangan,24,33.08,1325974,43863219,Kartu Kredit,Bandung
TXN-0829,2025-11-02,CUST-477,Koin,18,37.06,949491,35188136,Kartu Kredit,Medan
TXN-0241,2024-07-19,CUST-231,Perhiasan,18,46.65,921073,42968055,QRIS,Surabaya
TXN-0948,2024-02-09,CUST-246,Perhiasan,18,10.44,955929,9979898,Tunai,Medan
TXN-0825,2024-07-13,CUST-448,Perhiasan,18,43.05,946081,40728787,Tunai,Surabaya
TXN-0333,2025-04-25,CUST-308,Koin,18,37.6,937898,35264964,Tunai,SBY
TXN-0144,2024-08-28,CUST-191,Koin,22,44.29,1159884,51371262,Kartu Kredit,Surabaya
TXN-0751,2024-03-23,CUST-369,Koin,24,40.4,1367685,55254474,QRIS,Makassar
TXN-0359,2024-04-25,CUST-133,Batangan,22,14.27,1128334,16101326,Transfer Bank,JKT Pusat
TXN-0149,2024-08-18,CUST-128,Batangan,18,30.35,941650,28579077,Tunai,Bandung
TXN-0991,2024-09-17,CUST-276,Koin,22,11.3,1122121,12679967,Transfer Bank,Makassar
TXN-0720,2024-08-29,CUST-322,Koin,18,19.22,963881,18525792,Tunai,Surabaya
TXN-0700,2025-11-28,CUST-493,Koin,22,13.05,1131523,14766375,Kartu Kredit,Bandung
TXN-0966,2024-01-26,CUST-411,Batangan,22,44.81,1138984,51037873,Tunai,Bandung
TXN-0005,2024-03-12,CUST-137,Perhiasan,22,27.69,1126559,31194418,,Jakarta Pusat
TXN-0560,2024-01-19,CUST-443,Perhiasan,22,10.94,1142504,12498993,QRIS,Jakarta Pusat
TXN-0093,2024-07-06,CUST-464,Perhiasan,22,47.49,1147672,54502943,Transfer Bank,Bandung
TXN-0686,2025-10-17,CUST-280,Koin,24,38.52,1376597,53026516,Kartu Kredit,Medan
TXN-0489,2024-11-20,CUST-314,Koin,22,31.15,1151898,35881622,,jakarta pusat
TXN-0945,2024-05-16,CUST-400,Perhiasan,24,16.3,1323174,21567736,Kartu Kredit,Surabaya
TXN-0679,2025-06-09,CUST-158,Perhiasan,24,6.31,1375105,8676912,Tunai,Bandung
TXN-0437,2024-12-11,CUST-328,Perhiasan,22,35.14,1164130,40907528,Transfer Bank,JKT Pusat
TXN-0915,00-00-2024,CUST-303,Batangan,24,10.28,1357711,13957269,Kartu Kredit,Jakarta Pusat
TXN-0154,2025-06-08,CUST-356,Batangan,18,17.7,959661,16985999,Tunai,Jakarta Pusat
TXN-0987,2024-09-15,CUST-481,Batangan,18,10.37,979838,10160920,Kartu Kredit,Jakarta Pusat
TXN-0205,2025-01-20,CUST-183,Perhiasan,22,35.9,1156854,41531058,Transfer Bank,Bandung
TXN-0321,2025-10-31,CUST-379,Perhiasan,24,30.73,1374673,42243701,Transfer Bank,jakarta pusat
TXN-0656,2025-01-03,CUST-139,Batangan,18,40.24,961401,38686776,QRIS,Makassar
TXN-0499,2025-11-05,CUST-287,Batangan,24,32.59,1321462,43066446,Tunai,SBY
TXN-0500,2025-01-14,CUST-400,Perhiasan,24,11.96,1335511,15972711,Tunai,Surabaya
TXN-0556,2025-12-29,CUST-172,Perhiasan,18,35.79,928881,33244650,QRIS,Bandung
TXN-0536,2025-11-06,CUST-284,Batangan,18,,937719,36721076,Tunai,Medan
TXN-0394,2025-02-03,CUST-128,Batangan,18,37.99,978531,37174392,Tunai,Medan
TXN-0176,2025-01-19,CUST-124,Perhiasan,18,31.71,937696,29734340,QRIS,Medan
TXN-0011,2024-08-02,CUST-335,Batangan,18,41.38,961439,39784345,QRIS,Medan
TXN-0830,2024-03-01,CUST-486,Perhiasan,24,33.5,1376148,46100958,Tunai,Surabaya
TXN-0252,2024-05-27,CUST-186,Batangan,24,29.04,1322580,38407723,Transfer Bank,surabaya
TXN-0337,2025-06-30,CUST-336,Batangan,24,21.22,1370185,29075325,Transfer Bank,Surabaya
TXN-0913,2024-04-20,CUST-140,Perhiasan,24,36.66,1334201,48911808,Transfer Bank,Makassar
TXN-0616,2024-12-04,CUST-259,Batangan,18,27.0,943308,25469316,Tunai,Jakarta Pusat
TXN-0725,2024-03-05,CUST-262,Perhiasan,18,16.53,933329,15427928,QRIS,Makassar
TXN-0459,2024-03-16,CUST-180,Koin,24,34.59,1351670,46754265,,Medan
TXN-0984,2025-07-03,CUST-103,Koin,24,41.85,1375739,57574677,Kartu Kredit,Makassar
TXN-0521,2025-08-27,CUST-133,Batangan,18,35.65,924922,32973469,QRIS,Surabaya
TXN-0013,2025-04-03,CUST-472,Perhiasan,24,14.28,1370505,19570811,QRIS,Jakarta Pusat
TXN-0794,2024-11-03,CUST-456,Batangan,24,44.61,1339989,59776909,Tunai,surabaya
TXN-0354,2024-10-28,CUST-227,Perhiasan,24,34.07,1366216,46546979,Transfer Bank,Bandung
TXN-0177,2025-01-11,CUST-189,Koin,18,11.38,922962,10503307,Transfer Bank,Surabaya
TXN-0541,2024-04-08,CUST-365,Batangan,18,0.9,940213,846191,Tunai,Jakarta Pusat
TXN-0224,2025-12-30,CUST-257,Perhiasan,18,34.51,923729,31877887,Kartu Kredit,Bandung
TXN-0168,2024-11-26,CUST-236,Batangan,18,22.2,964306,21407593,Tunai,Surabaya
TXN-0152,2025-06-24,CUST-313,Perhiasan,18,38.91,958196,37283406,QRIS,Surabaya
TXN-0760,2025-03-21,CUST-106,Batangan,24,,1321820,57129060,QRIS,Bandung
TXN-0784,2024-03-15,CUST-183,Koin,22,6.75,1144658,7726441,QRIS,Makassar
TXN-0351,2024-10-06,CUST-174,Perhiasan,22,45.69,1121191,51227216,Transfer Bank,Makassar
TXN-0747,2025-07-18,CUST-121,Batangan,24,24.88,1320145,32845207,Tunai,Bandung
TXN-0907,2025-08-02,CUST-489,Perhiasan,22,30.89,1158106,35773894,Kartu Kredit,Bandung
TXN-0035,2025-05-25,CUST-438,Perhiasan,18,10.45,929095,9709042,Transfer Bank,Medan
TXN-0979,2025-07-12,CUST-449,Koin,18,6.79,927366,6296815,Transfer Bank,Medan
TXN-0639,2025-03-26,CUST-124,Perhiasan,24,36.51,1351105,49328843,Kartu Kredit,Bandung
TXN-0615,2025-02-25,CUST-102,Batangan,22,3.56,1149424,4091949,QRIS,Makassar
TXN-0813,2024-07-23,CUST-171,Perhiasan,18,4.51,947094,999000000,QRIS,Medan
TXN-0502,2025-11-21,CUST-230,Batangan,24,47.04,1368665,64382001,Transfer Bank,Surabaya
TXN-0414,2024-02-23,CUST-349,Perhiasan,22,18.08,1164237,21049404,Transfer Bank,Medan
TXN-0544,2025-10-25,CUST-488,Batangan,22,5.83,1171482,6829740,QRIS,SBY
TXN-0418,2024-02-22,CUST-326,Batangan,18,29.28,937118,27438815,Tunai,Medan
TXN-0975,2024-08-12,CUST-452,Perhiasan,18,17.9,970617,17374044,QRIS,SBY
TXN-0327,2024-10-09,CUST-314,Batangan,24,28.04,1354836,37989601,Transfer Bank,Surabaya
TXN-0140,2025-07-07,CUST-392,Batangan,24,48.82,1324270,64650861,,JKT Pusat
TXN-0365,2024-05-07,CUST-186,Batangan,22,27.28,1120787,999000000,Tunai,Jakarta Pusat
TXN-0210,2024-03-21,CUST-441,Koin,24,27.59,1348756,37212178,Kartu Kredit,Bandung
TXN-0281,2024-05-10,CUST-499,Perhiasan,18,47.26,949863,44890525,Tunai,Makassar
TXN-0103,2025-10-09,CUST-431,Koin,24,3.96,1358328,5378978,QRIS,Bandung
TXN-0393,2025-05-26,CUST-381,Perhiasan,24,18.16,1369036,24861693,Kartu Kredit,Jakarta Pusat
TXN-0434,2024-04-29,CUST-138,Perhiasan,24,11.7,1321605,15462778,QRIS,JKT Pusat
TXN-0433,2025-10-18,CUST-124,Koin,22,29.46,1148022,33820728,Tunai,Makassar
TXN-0374,2025-09-30,CUST-267,Perhiasan,18,17.4,927788,16143511,QRIS,Bandung
TXN-0439,2024-04-26,CUST-271,Batangan,18,43.24,952330,41178749,Transfer Bank,Makassar
TXN-0919,2025-01-03,CUST-447,Perhiasan,24,6.0,1340175,8041050,,Surabaya
TXN-0014,2024-03-28,CUST-475,Batangan,18,32.91,932070,30674423,Tunai,Medan
TXN-0610,2025-09-25,CUST-277,Batangan,22,12.77,1129916,14429027,QRIS,Medan
TXN-0767,00-00-2024,CUST-157,Perhiasan,22,30.47,1127465,34353858,,Makassar
TXN-0535,2024-10-03,CUST-335,Koin,24,2.63,1366279,3593313,Tunai,Makassar
TXN-0099,2024-03-05,CUST-360,Batangan,24,31.77,1347281,42803117,Transfer Bank,Medan
TXN-0316,2025-11-18,CUST-325,Batangan,22,38.78,1157344,44881800,QRIS,Medan
TXN-0595,2024-08-02,CUST-475,Perhiasan,18,47.44,959182,45503594,Kartu Kredit,Bandung
TXN-0094,2025-01-14,CUST-315,Perhiasan,18,41.73,958417,39994741,Kartu Kredit,Jakarta Pusat
TXN-0318,2025-04-14,CUST-454,Perhiasan,18,9.86,944299,9310788,Transfer Bank,Bandung
TXN-0956,2024-01-04,CUST-408,Batangan,24,16.49,1331360,21954126,QRIS,Bandung
TXN-0236,2025-09-01,CUST-212,Koin,22,36.94,1152626,42578004,Tunai,Makassar
TXN-0663,2025-11-02,CUST-422,Batangan,18,6.0,961821,5770926,Transfer Bank,Surabaya
TXN-0494,2025-05-11,CUST-372,Batangan,24,12.34,1337297,16502244,QRIS,Bandung
TXN-0191,2025-11-14,CUST-124,Perhiasan,22,41.55,1139023,47326405,Kartu Kredit,Surabaya
TXN-0864,2025-09-16,CUST-316,Perhiasan,18,32.82,941709,30906889,Kartu Kredit,Medan
TXN-0501,2025-06-28,CUST-197,Koin,18,34.23,930570,31853411,,Medan
TXN-0323,2024-08-17,CUST-301,Perhiasan,22,3.25,1144920,3720990,Transfer Bank,Makassar
TXN-0132,2025-10-04,CUST-210,Batangan,18,3.79,921141,3491124,Kartu Kredit,Surabaya
TXN-0776,2024-08-23,CUST-474,Perhiasan,18,16.63,949511,15790367,Transfer Bank,jakarta pusat
TXN-0967,2025-03-10,CUST-460,Perhiasan,22,7.88,1142559,9003364,Tunai,Medan
TXN-0879,2025-10-27,CUST-185,Perhiasan,18,46.24,963880,44569811,Transfer Bank,Bandung
TXN-0296,2025-05-24,CUST-135,Perhiasan,18,24.05,971200,23357360,Kartu Kredit,Makassar
TXN-0898,2024-08-18,CUST-273,Koin,22,3.52,1137451,4003827,QRIS,JKT Pusat
TXN-0646,2025-04-20,CUST-350,Batangan,18,45.58,970197,44221579,QRIS,surabaya
TXN-0669,2024-08-16,CUST-336,Batangan,18,5.73,943620,5406942,Kartu Kredit,Surabaya
TXN-0664,2024-06-21,CUST-155,Perhiasan,18,32.58,968517,31554283,Kartu Kredit,Bandung
TXN-0079,2024-07-20,CUST-295,Perhiasan,18,29.15,946299,27584615,Tunai,Bandung
TXN-0836,2025-08-26,CUST-372,Perhiasan,24,49.74,1375514,68418066,Kartu Kredit,Makassar
TXN-0272,2025-10-13,CUST-191,Perhiasan,22,3.15,1164362,3667740,QRIS,Surabaya
TXN-0266,2024-12-11,CUST-348,Perhiasan,22,26.24,1143464,30004495,Tunai,Medan
TXN-0188,2025-11-07,CUST-278,Perhiasan,18,49.34,952894,47015789,QRIS,Surabaya
TXN-0108,2025-08-15,CUST-342,Batangan,22,10.61,1166751,12379228,Transfer Bank,Bandung
TXN-0888,2024-09-30,CUST-388,Batangan,24,18.82,1377233,25919525,Transfer Bank,Medan
TXN-0628,2024-03-10,CUST-204,Batangan,22,4.84,1125596,5447884,Kartu Kredit,Surabaya
TXN-0326,2025-03-13,CUST-158,Koin,18,10.93,960581,10499150,Transfer Bank,Surabaya
TXN-0298,2024-04-08,CUST-287,Perhiasan,18,38.26,957016,36615432,Kartu Kredit,Makassar
TXN-0100,2025-06-04,CUST-256,Koin,18,3.19,968442,3089329,Kartu Kredit,Surabaya
TXN-0390,2025-11-15,CUST-280,Batangan,18,12.85,963492,12380872,QRIS,Jakarta Pusat
TXN-0421,2024-01-05,CUST-464,Perhiasan,24,26.4,1327601,35048666,Tunai,Medan
TXN-0008,2025-09-06,CUST-404,Perhiasan,18,37.54,950916,35697386,Transfer Bank,SBY
TXN-0906,00-00-2024,CUST-222,Perhiasan,24,0.51,1345279,686092,QRIS,SBY
TXN-0279,2025-10-20,CUST-219,Perhiasan,18,12.24,938061,11481866,Tunai,Makassar
TXN-0785,2025-03-10,CUST-121,Perhiasan,18,40.77,957845,39051340,Tunai,Makassar
TXN-0629,2024-09-08,CUST-422,Perhiasan,22,4.95,1136374,5625051,Transfer Bank,Makassar
TXN-0972,2025-02-13,CUST-134,Perhiasan,18,1.14,923565,1052864,Kartu Kredit,Bandung
TXN-0588,2024-02-11,CUST-429,Koin,22,,1168629,47154180,Tunai,Bandung
TXN-0903,2024-05-24,CUST-404,Perhiasan,22,43.7,1169699,51115846,Transfer Bank,SBY
TXN-0469,2024-04-03,CUST-464,Perhiasan,22,41.81,1151186,48131086,Transfer Bank,Makassar
TXN-0370,2025-11-16,CUST-412,Batangan,24,8.66,1356444,11746805,Tunai,JKT Pusat
TXN-0750,2025-04-02,CUST-405,Perhiasan,22,20.2,1149991,23229818,Transfer Bank,Jakarta Pusat
TXN-0731,2024-03-03,CUST-159,Perhiasan,18,6.54,936678,6125874,Transfer Bank,Medan
TXN-0125,2025-12-28,CUST-401,Perhiasan,18,41.77,952230,39774647,Kartu Kredit,Bandung
TXN-0820,2025-01-08,CUST-126,Perhiasan,24,23.46,1335927,31340847,Transfer Bank,Surabaya
TXN-0718,2025-03-25,CUST-116,Perhiasan,18,0.77,974870,750649,Kartu Kredit,Bandung
TXN-0799,2025-06-25,CUST-356,Perhiasan,18,5.06,978866,4953061,Transfer Bank,Makassar
TXN-0086,2025-12-02,CUST-452,Perhiasan,18,23.73,922936,21901271,Tunai,Makassar
TXN-0244,2024-11-21,CUST-154,Perhiasan,24,7.02,1379738,9685760,Kartu Kredit,Surabaya
TXN-0410,2024-12-07,CUST-345,Batangan,24,36.83,1379175,50795015,Transfer Bank,Makassar
TXN-0278,2024-04-08,CUST-387,Perhiasan,24,15.05,1362058,20498972,Transfer Bank,Makassar
TXN-0803,2024-05-12,CUST-261,Batangan,24,44.99,1326080,59660339,QRIS,Surabaya
TXN-0407,2024-05-29,CUST-154,Perhiasan,18,34.27,969723,33232407,QRIS,Surabaya
TXN-0591,2024-08-10,CUST-412,Perhiasan,18,17.11,925454,15834517,,Bandung
TXN-0157,2024-08-30,CUST-445,Koin,24,33.63,1334892,44892417,Transfer Bank,Makassar
TXN-0091,2024-02-22,CUST-402,Koin,18,47.03,968068,45528238,Tunai,Medan
TXN-0932,2025-03-12,CUST-121,Batangan,18,13.09,976633,12784125,Kartu Kredit,Bandung
TXN-0574,2024-05-23,CUST-325,Perhiasan,18,10.31,928307,9570845,Transfer Bank,surabaya
TXN-0908,2025-01-28,CUST-108,Koin,24,31.01,1365240,42336092,Tunai,Makassar
TXN-0046,2025-04-29,CUST-394,Batangan,22,45.2,1177174,53208264,Kartu Kredit,Surabaya
TXN-0573,2025-01-01,CUST-432,Perhiasan,22,15.57,1128802,17575447,Transfer Bank,Surabaya
TXN-0618,2025-05-10,CUST-368,Batangan,18,37.7,961505,36248738,QRIS,Makassar
TXN-0529,2025-05-07,CUST-478,Batangan,24,23.5,1350022,31725517,Tunai,Surabaya
TXN-0485,2024-08-10,CUST-470,Batangan,18,,948350,44468131,Kartu Kredit,Makassar
TXN-0053,2024-11-11,CUST-122,Batangan,18,15.55,976652,15186938,Kartu Kredit,Bandung
TXN-0843,2025-06-07,CUST-418,Perhiasan,18,,929269,37105711,Tunai,JKT Pusat
TXN-0957,2025-10-07,CUST-282,Perhiasan,18,49.39,930313,45948159,QRIS,Makassar
TXN-0047,2025-10-08,CUST-203,Perhiasan,18,46.71,931279,43500042,QRIS,Bandung
TXN-0621,2025-05-14,CUST-188,Perhiasan,24,10.13,1346957,13644674,Tunai,Jakarta Pusat
TXN-0134,2024-08-05,CUST-415,Batangan,22,45.83,1177710,53974449,Transfer Bank,Surabaya
TXN-0038,2025-11-30,CUST-161,Batangan,24,22.1,1363129,30125150,Tunai,Medan
TXN-0522,2025-08-24,CUST-350,Perhiasan,18,5.24,966407,5063972,Tunai,Medan
TXN-0823,2025-11-26,CUST-298,Perhiasan,22,16.26,1134904,18453539,Kartu Kredit,Makassar
TXN-0722,2024-01-05,CUST-287,Batangan,22,1.41,1129271,1592272,Kartu Kredit,Makassar
TXN-0808,2025-05-22,CUST-111,Koin,22,49.45,1172982,58003959,QRIS,Medan
TXN-0980,2024-01-01,CUST-312,Batangan,18,9.87,946636,9343297,Transfer Bank,Medan
TXN-0835,2025-04-10,CUST-305,Koin,24,21.58,1361856,29388852,Transfer Bank,surabaya
TXN-0569,2025-12-18,CUST-401,Perhiasan,24,49.88,1358914,67782630,QRIS,Medan
TXN-0379,2025-01-27,CUST-493,Perhiasan,22,3.47,1149703,3989469,Tunai,Bandung
TXN-0800,2024-04-15,CUST-157,Koin,24,40.86,1326568,54203568,Kartu Kredit,Medan
TXN-0420,2025-09-11,CUST-436,Koin,22,43.71,1120798,48990080,QRIS,Medan
TXN-0549,2025-11-25,CUST-475,Batangan,24,27.6,1340651,37001967,QRIS,Surabaya
TXN-0484,2024-06-28,CUST-236,Perhiasan,18,30.28,962256,29137111,Tunai,Makassar
TXN-0237,2024-07-16,CUST-213,Batangan,18,25.89,949351,24578697,Transfer Bank,Surabaya
TXN-0912,2024-05-25,CUST-322,Batangan,18,21.04,970742,20424411,Tunai,Surabaya
TXN-0056,2024-12-11,CUST-252,Koin,18,44.64,922062,41160847,Tunai,Bandung
TXN-0464,2025-11-27,CUST-124,Perhiasan,22,39.8,1125586,44798322,Tunai,Surabaya
TXN-0671,2024-08-14,CUST-361,Koin,24,32.99,1367551,45115507,QRIS,Jakarta Pusat
TXN-0862,2024-09-13,CUST-110,Perhiasan,22,,1129196,22877510,Kartu Kredit,Makassar
TXN-0899,2024-03-26,CUST-221,Perhiasan,24,,1369178,34530669,Tunai,Makassar
TXN-0987,2024-09-15,CUST-481,Batangan,18,10.37,979838,10160920,Kartu Kredit,Jakarta Pusat
TXN-0586,2024-04-18,CUST-342,Koin,22,34.68,1158737,40184999,QRIS,jakarta pusat
TXN-0815,2024-02-12,CUST-244,Batangan,24,48.85,1321230,64542085,Transfer Bank,Surabaya
TXN-0601,2025-05-06,CUST-314,Batangan,18,,973634,45157144,Kartu Kredit,Makassar
TXN-0037,2025-04-20,CUST-177,Perhiasan,18,36.94,940470,34740961,QRIS,Jakarta Pusat
TXN-0247,2025-10-21,CUST-387,Batangan,18,,949320,40621402,Transfer Bank,Medan
TXN-0953,2024-11-17,CUST-491,Koin,18,15.7,975421,15314109,Tunai,Bandung
TXN-0412,2025-11-22,CUST-411,Batangan,24,29.39,1333798,39200323,Transfer Bank,Bandung
TXN-0812,2025-03-25,CUST-126,Perhiasan,24,7.33,1373645,10068817,Transfer Bank,Jakarta Pusat
TXN-0352,2024-12-14,CUST-425,Batangan,18,17.32,952264,16493212,QRIS,JKT Pusat
TXN-0897,2024-09-29,CUST-189,Perhiasan,24,8.72,1356686,11830301,Kartu Kredit,Jakarta Pusat
TXN-0545,2025-10-24,CUST-164,Koin,22,38.52,1170906,45103299,Transfer Bank,Surabaya
TXN-0530,2024-03-15,CUST-138,Koin,22,19.29,1135240,21898779,Tunai,Surabaya
TXN-0613,2024-01-29,CUST-244,Batangan,18,28.53,935581,26692125,QRIS,Medan
TXN-0635,2025-12-14,CUST-431,Perhiasan,24,16.93,1338445,22659873,Transfer Bank,Jakarta Pusat
TXN-0685,2024-09-15,CUST-444,Batangan,22,49.27,1144277,56378527,Kartu Kredit,Bandung
TXN-0873,2025-04-18,CUST-175,Batangan,18,,970256,34123903,Transfer Bank,Makassar
TXN-0264,2024-09-19,CUST-427,Perhiasan,24,1.75,1364432,2387756,Transfer Bank,Makassar
TXN-0473,2025-04-18,CUST-365,Perhiasan,22,9.54,1177454,11232911,Transfer Bank,Jakarta Pusat
TXN-0990,2024-01-10,CUST-149,Batangan,18,3.87,926858,3586940,Tunai,Bandung
TXN-0880,2025-06-09,CUST-191,Koin,24,48.77,1368467,66740135,Kartu Kredit,Jakarta Pusat
TXN-0253,2025-12-11,CUST-154,Perhiasan,22,28.16,1160025,32666304,Kartu Kredit,Makassar
TXN-0194,2025-11-02,CUST-443,Perhiasan,22,8.22,1137750,9352305,Tunai,Bandung
TXN-0233,2025-02-04,CUST-470,Batangan,18,44.55,955755,42578885,Tunai,Surabaya
TXN-0777,2025-01-23,CUST-384,Perhiasan,24,6.82,1335424,9107591,Transfer Bank,Surabaya
TXN-0558,2025-01-31,CUST-404,Batangan,24,16.56,1325603,999000000,Tunai,Bandung
TXN-0881,2025-11-29,CUST-247,Batangan,22,41.74,1128320,47096076,Tunai,Makassar
TXN-0890,2024-01-15,CUST-176,Perhiasan,18,39.61,934380,37010791,Kartu Kredit,Surabaya
TXN-0780,2024-10-29,CUST-471,Perhiasan,18,34.39,972592,33447438,QRIS,Bandung
TXN-0742,2025-04-20,CUST-116,Batangan,24,42.18,1361785,57440091,Transfer Bank,Jakarta Pusat
TXN-0201,2025-03-17,CUST-255,Perhiasan,22,43.83,1140923,50006655,Transfer Bank,Jakarta Pusat
TXN-0028,2025-04-04,CUST-369,Perhiasan,24,21.05,1325515,27902090,Kartu Kredit,Surabaya
TXN-0564,2025-03-20,CUST-160,Perhiasan,24,,1348386,9506121,QRIS,Surabaya
TXN-0477,2025-09-03,CUST-185,Batangan,18,39.18,940039,36830728,Transfer Bank,Jakarta Pusat
TXN-0883,2024-01-07,CUST-301,Koin,22,48.34,1173998,56751063,Tunai,Bandung
TXN-0098,2024-01-15,CUST-235,Perhiasan,22,46.29,1170971,54204247,Tunai,Makassar
TXN-0373,2025-10-24,CUST-318,Perhiasan,22,14.01,1125033,15761712,QRIS,Medan
TXN-0891,2024-07-10,CUST-215,Perhiasan,22,16.24,1131360,18373286,QRIS,Jakarta Pusat
TXN-0080,2024-09-26,CUST-185,Perhiasan,24,28.69,1354457,38859371,Transfer Bank,Medan
TXN-0514,2025-08-29,CUST-260,Koin,24,14.76,1360537,20081526,QRIS,Makassar
TXN-0783,2025-07-31,CUST-274,Perhiasan,24,6.8,1364462,9278341,Tunai,Bandung
TXN-0307,2025-02-01,CUST-294,Batangan,24,14.28,1366994,19520674,QRIS,Bandung
TXN-0076,2025-12-30,CUST-196,Perhiasan,18,,967115,35570489,Tunai,Medan
TXN-0305,2024-06-09,CUST-333,Perhiasan,22,6.61,1146337,7577287,QRIS,Surabaya
TXN-0193,2025-01-08,CUST-297,Perhiasan,18,31.05,935997,29062706,QRIS,Makassar
TXN-0324,2024-12-30,CUST-257,Koin,18,28.64,936252,26814257,Tunai,Bandung
TXN-0287,2025-09-19,CUST-106,Perhiasan,24,38.74,1348311,52233568,QRIS,Jakarta Pusat
TXN-0248,2025-02-06,CUST-365,Perhiasan,18,24.79,924340,22914388,QRIS,Makassar
TXN-0291,2025-02-25,CUST-250,Batangan,24,25.89,1362224,35267979,Transfer Bank,Medan
TXN-0505,2024-09-24,CUST-282,Perhiasan,18,22.19,927037,20570951,Tunai,Makassar
TXN-0926,2024-10-08,CUST-106,Batangan,22,35.06,1155228,40502293,,SBY
TXN-0682,2025-05-27,CUST-368,Perhiasan,22,38.2,1155427,44137311,Kartu Kredit,Medan
TXN-0901,2024-05-05,CUST-205,Perhiasan,18,6.15,976416,6004958,Kartu Kredit,Surabaya
TXN-0185,2025-02-14,CUST-227,Batangan,24,44.96,1334745,60010135,QRIS,Medan
TXN-0708,2024-07-19,CUST-305,Batangan,22,25.83,1179675,30471005,QRIS,Surabaya
TXN-0976,2025-06-15,CUST-490,Koin,22,30.71,1177473,36160195,Transfer Bank,Bandung
TXN-0801,2025-07-16,CUST-479,Batangan,22,44.77,1155369,51725870,QRIS,Makassar
TXN-0648,2024-12-26,CUST-275,Perhiasan,24,36.83,1348132,49651701,Tunai,Bandung
TXN-0557,2024-12-07,CUST-498,Perhiasan,18,,979966,34289010,Transfer Bank,Makassar
TXN-0598,2025-08-10,CUST-360,Batangan,18,14.35,963254,13822694,Tunai,Bandung
TXN-0250,2025-05-25,CUST-261,Batangan,24,45.21,1336184,60408878,Kartu Kredit,Jakarta Pusat
TXN-0555,2025-08-18,CUST-292,Batangan,18,41.51,942388,39118525,QRIS,Makassar
TXN-0988,2025-11-03,CUST-119,Perhiasan,22,13.59,1166041,15846497,Kartu Kredit,JKT Pusat
TXN-0902,2025-06-20,CUST-474,Koin,24,47.08,1359886,64023432,Kartu Kredit,Makassar
TXN-0498,2025-11-20,CUST-207,Batangan,18,34.82,975192,33956185,,Surabaya
TXN-0116,2024-02-10,CUST-353,Batangan,22,8.99,1137197,10223401,Transfer Bank,Jakarta Pusat
TXN-0828,2024-04-02,CUST-415,Batangan,22,,1138300,21115465,Transfer Bank,Surabaya
TXN-0040,2025-11-17,CUST-188,Perhiasan,18,,957038,4947886,,Bandung
TXN-0488,2025-08-30,CUST-414,Perhiasan,18,32.88,953798,31360878,QRIS,Surabaya
TXN-0661,2025-07-09,CUST-214,Perhiasan,22,15.94,1126054,17949300,Transfer Bank,Jakarta Pusat
TXN-0900,2025-04-18,CUST-242,Batangan,22,5.76,1126937,6491157,Tunai,Makassar
TXN-0260,2024-05-30,CUST-412,Perhiasan,18,36.61,967204,35409338,Transfer Bank,Surabaya
TXN-0120,2024-02-02,CUST-233,Koin,24,45.56,1361863,62046478,QRIS,Makassar
TXN-0994,2024-01-13,CUST-349,Perhiasan,24,22.55,1371375,30924506,Transfer Bank,Surabaya
TXN-0551,2024-10-05,CUST-423,Batangan,18,45.13,940008,42422561,Kartu Kredit,Surabaya
TXN-0927,2024-11-15,CUST-183,Koin,22,,1161505,12939165,QRIS,Bandung
TXN-0854,2024-08-26,CUST-376,Batangan,22,48.79,1153302,56269604,Tunai,Surabaya
TXN-0863,2024-01-08,CUST-400,Perhiasan,24,30.13,1363459,41081019,Tunai,Surabaya
TXN-0771,2025-03-13,CUST-103,Koin,18,29.27,964229,28222982,Tunai,Makassar
TXN-0774,2024-09-24,CUST-138,Perhiasan,18,4.54,958871,4353274,Tunai,JKT Pusat
TXN-0092,2024-08-04,CUST-327,Perhiasan,22,25.45,1146026,29166361,Kartu Kredit,Jakarta Pusat
TXN-0007,2024-01-21,CUST-194,Koin,18,32.02,939158,30071839,Tunai,Bandung
TXN-0765,2024-04-04,CUST-466,Perhiasan,24,39.35,1358650,53462877,Transfer Bank,Makassar
TXN-0589,2024-07-04,CUST-206,Batangan,24,3.09,1373965,4245551,Kartu Kredit,Medan
TXN-0030,2024-01-22,CUST-385,Batangan,18,41.3,956133,39488292,QRIS,Medan
TXN-0268,2025-07-25,CUST-328,Batangan,24,29.65,1350232,40034378,Transfer Bank,Bandung
TXN-0619,2024-12-30,CUST-219,Perhiasan,24,7.03,1366525,9606670,Transfer Bank,Makassar
TXN-0713,2024-09-09,CUST-112,Batangan,22,7.19,1160635,8344965,Tunai,Bandung
TXN-0113,2025-01-13,CUST-168,Perhiasan,24,3.5,1332755,4664642,Transfer Bank,Medan
TXN-0507,2025-02-20,CUST-138,Batangan,24,48.13,1362267,65565910,Transfer Bank,Jakarta Pusat
TXN-0797,2025-04-25,CUST-246,Perhiasan,22,,1138557,31811282,,Bandung
TXN-0377,2025-01-20,CUST-336,Batangan,24,9.87,1341598,13241572,Transfer Bank,Makassar
TXN-0871,2025-12-26,CUST-187,Perhiasan,22,45.43,1179825,53599449,QRIS,Bandung
TXN-0951,2024-08-10,CUST-455,Koin,24,45.83,1350435,61890436,QRIS,Surabaya
TXN-0518,2024-02-04,CUST-410,Perhiasan,24,8.24,1345783,11089251,Kartu Kredit,Surabaya
TXN-0311,2024-05-14,CUST-360,Perhiasan,18,-5.0,927349,37001225,QRIS,Medan
TXN-0496,2025-04-19,CUST-258,Koin,24,38.79,1371333,53194007,QRIS,Surabaya
TXN-0438,2025-04-18,CUST-207,Perhiasan,24,31.04,1349265,41881185,Kartu Kredit,JKT Pusat
TXN-0634,2024-03-31,CUST-325,Perhiasan,24,14.35,1341029,19243766,Tunai,Surabaya
TXN-0831,2025-09-25,CUST-145,Koin,18,6.42,955525,6134470,QRIS,Makassar
TXN-0274,2024-02-06,CUST-390,Perhiasan,24,11.99,1359932,16305584,QRIS,Bandung
TXN-0206,2025-01-21,CUST-460,Perhiasan,18,14.45,971413,14036917,Transfer Bank,Medan
TXN-0156,2025-11-29,CUST-200,Batangan,18,20.1,965429,19405122,QRIS,JKT Pusat
TXN-0067,2025-07-15,CUST-278,Perhiasan,22,7.07,1155081,8166422,Transfer Bank,Medan
TXN-0044,2025-05-19,CUST-395,Perhiasan,18,48.38,936940,45329157,Tunai,Surabaya
TXN-0256,2025-07-04,CUST-490,Perhiasan,24,,1368940,17809909,QRIS,Makassar
TXN-0442,2025-10-02,CUST-111,Perhiasan,18,39.58,945791,37434407,Kartu Kredit,Bandung
TXN-0559,2025-11-29,CUST-476,Batangan,22,12.08,1154980,13952158,QRIS,surabaya
TXN-0841,2025-10-06,CUST-108,Perhiasan,18,15.72,952634,14975406,Tunai,Makassar
TXN-0475,2024-12-06,CUST-298,Perhiasan,18,29.04,940711,27318247,QRIS,Medan
TXN-0458,2024-09-03,CUST-248,Batangan,24,7.33,1321515,9686704,Tunai,Makassar
TXN-0483,2024-04-09,CUST-106,Perhiasan,22,21.33,1121577,23923237,Kartu Kredit,Surabaya
TXN-0312,2024-07-13,CUST-392,Batangan,24,37.81,1325618,50121616,QRIS,Makassar
TXN-0214,2025-10-03,CUST-148,Perhiasan,18,2.73,950341,2594430,Transfer Bank,Bandung
TXN-0497,2025-10-25,CUST-251,Perhiasan,24,2.68,1339581,3590077,Kartu Kredit,Makassar
TXN-0172,2025-04-17,CUST-253,Batangan,24,6.16,1348379,8306014,Kartu Kredit,Surabaya
TXN-0462,2025-03-10,CUST-297,Koin,24,4.28,1334605,5712109,Tunai,Jakarta Pusat
TXN-0822,2024-12-25,CUST-149,Koin,24,24.08,1344466,32374741,Transfer Bank,JKT Pusat
TXN-0220,2025-09-29,CUST-478,Perhiasan,18,26.38,921375,24305872,QRIS,Bandung
TXN-0614,2024-06-13,CUST-315,Batangan,22,0.81,1121907,908744,QRIS,Makassar
TXN-0467,2024-03-09,CUST-242,Perhiasan,24,28.09,1376838,38675379,QRIS,Jakarta Pusat
TXN-0023,2025-02-17,CUST-448,Perhiasan,18,37.52,955163,35837715,Transfer Bank,Jakarta Pusat
TXN-0401,2024-02-20,CUST-286,Perhiasan,18,30.39,944648,28707852,Transfer Bank,Jakarta Pusat
TXN-0997,2025-08-18,CUST-327,Perhiasan,24,,1372389,59534234,Transfer Bank,Jakarta Pusat
TXN-0349,2024-04-08,CUST-314,Koin,18,25.56,920515,23528363,Kartu Kredit,Makassar
TXN-0770,2025-11-04,CUST-384,Perhiasan,22,30.92,1147314,35474948,Transfer Bank,Medan
TXN-0478,2024-10-15,CUST-349,Batangan,24,14.15,1356561,19195338,,JKT Pusat
TXN-0261,2025-02-18,CUST-346,Perhiasan,22,28.87,1132021,32681446,Transfer Bank,Makassar
TXN-0814,2024-05-05,CUST-159,Perhiasan,22,41.57,1166040,48472282,Tunai,JKT Pusat
TXN-0683,2025-01-07,CUST-462,Perhiasan,24,25.6,1360277,34823091,Transfer Bank,Makassar
TXN-0572,2025-05-20,CUST-161,Batangan,24,21.83,1358333,29652409,Tunai,SBY
TXN-0810,2025-06-29,CUST-370,Perhiasan,18,19.8,924368,18302486,Tunai,Makassar
TXN-0164,2024-01-28,CUST-470,Perhiasan,22,24.01,1163894,27945094,QRIS,SBY
TXN-0749,2025-12-14,CUST-309,Batangan,22,40.37,1144326,46196440,Transfer Bank,Surabaya
TXN-0978,2024-05-19,CUST-404,Batangan,18,6.26,942641,5900932,QRIS,Makassar
TXN-0045,2024-05-10,CUST-427,Perhiasan,24,41.42,1349831,55910000,Tunai,Makassar
TXN-0104,2025-04-16,CUST-272,Batangan,24,27.96,1368219,38255403,QRIS,Bandung
TXN-0347,2025-01-07,CUST-208,Koin,18,31.17,969630,30223367,Transfer Bank,Bandung
TXN-0659,2024-05-13,CUST-417,Batangan,22,,1151875,20238443,,Medan
TXN-0283,2024-05-31,CUST-281,Batangan,24,46.26,1325622,61323273,Transfer Bank,surabaya
TXN-0054,2024-01-14,CUST-162,Batangan,18,-5.0,937400,15232750,Kartu Kredit,Bandung
TXN-0673,2025-06-15,CUST-246,Batangan,18,4.56,967922,4413724,Kartu Kredit,Bandung
TXN-0102,2024-05-08,CUST-423,Koin,18,48.73,970494,47292172,Transfer Bank,Medan
TXN-0538,2025-04-01,CUST-335,Batangan,22,22.47,1165763,26194694,Kartu Kredit,JKT Pusat
TXN-0570,2025-01-18,CUST-443,Koin,22,9.96,1153139,11485264,QRIS,Surabaya
TXN-0472,2024-08-05,CUST-387,Perhiasan,18,28.5,937551,26720203,QRIS,Jakarta Pusat
TXN-0215,2024-08-07,CUST-426,Perhiasan,18,6.75,924758,6242116,QRIS,Jakarta Pusat
TXN-0585,00-00-2024,CUST-472,Batangan,24,36.35,1367766,49718294,Transfer Bank,Surabaya
TXN-0186,2025-10-10,CUST-463,Perhiasan,24,38.95,1325730,51637183,Transfer Bank,Makassar
TXN-0101,2024-12-09,CUST-146,Batangan,24,32.39,1348091,43664667,Transfer Bank,Medan
TXN-0173,2024-08-18,CUST-390,Batangan,18,0.93,975131,906871,Tunai,jakarta pusat
TXN-0358,2025-11-30,CUST-140,Perhiasan,22,39.83,1169423,46578118,QRIS,Makassar
TXN-0965,2025-01-26,CUST-451,Perhiasan,22,1.02,1161679,1184912,QRIS,Bandung
TXN-0314,2025-10-01,CUST-321,Batangan,18,17.13,962624,16489749,Tunai,Surabaya
TXN-0199,2024-04-22,CUST-249,Batangan,18,0.66,943067,622424,QRIS,Surabaya
TXN-0600,2024-03-14,CUST-146,Perhiasan,24,2.28,1372814,3130015,Transfer Bank,Surabaya
TXN-0622,2025-10-18,CUST-428,Perhiasan,22,5.11,1145464,5853321,Kartu Kredit,Bandung
TXN-0386,2025-02-11,CUST-409,Koin,22,47.11,1166045,54932379,Kartu Kredit,Bandung
TXN-0429,2025-09-27,CUST-316,Perhiasan,22,5.39,1150329,6200273,,Medan
TXN-0118,00-00-2024,CUST-459,Koin,22,23.02,1122031,25829153,Tunai,Makassar
TXN-0454,2024-07-07,CUST-179,Koin,18,26.42,971415,25664784,QRIS,Makassar
TXN-0428,2025-01-04,CUST-228,Perhiasan,18,39.11,923084,36101815,Transfer Bank,Makassar
TXN-0846,2025-06-29,CUST-485,Perhiasan,22,27.78,1135323,31539272,,Surabaya
TXN-0909,2024-03-07,CUST-361,Perhiasan,22,23.14,1155908,26747711,Tunai,Surabaya
TXN-0290,2025-02-23,CUST-260,Batangan,18,38.14,975231,37195310,Transfer Bank,Makassar
TXN-0480,2024-12-22,CUST-369,Perhiasan,22,1.33,1152335,1532605,Transfer Bank,Makassar
TXN-0306,2025-08-02,CUST-485,Batangan,24,31.5,1320220,41586930,Tunai,Makassar
TXN-0654,2024-07-09,CUST-180,Perhiasan,18,29.45,929130,27362878,Transfer Bank,Jakarta Pusat
TXN-0788,2025-12-04,CUST-436,Koin,24,25.2,1361910,34320132,Kartu Kredit,JKT Pusat
TXN-0270,2024-10-30,CUST-150,Perhiasan,18,31.36,928488,29117383,Kartu Kredit,surabaya
TXN-0471,2024-07-22,CUST-146,Perhiasan,18,45.69,952728,43530142,Kartu Kredit,JKT Pusat
TXN-0017,2025-10-25,CUST-134,Perhiasan,22,38.95,1160902,45217132,Tunai,Bandung
TXN-0649,2024-01-01,CUST-189,Perhiasan,24,17.65,1327951,23438335,,Bandung
TXN-0590,2025-02-01,CUST-325,Perhiasan,24,8.4,1372721,11530856,QRIS,JKT Pusat
TXN-0895,2025-12-14,CUST-265,Perhiasan,22,23.6,1175756,27747841,Transfer Bank,Bandung
TXN-0368,2025-07-23,CUST-441,Batangan,18,22.91,937006,21466807,QRIS,Surabaya
TXN-0832,2024-02-20,CUST-114,Perhiasan,24,28.85,1346532,38847448,Kartu Kredit,Medan
TXN-0482,2025-06-05,CUST-216,Batangan,22,,1143122,4903993,Transfer Bank,Jakarta Pusat
TXN-0372,2024-10-14,CUST-233,Perhiasan,22,35.65,1159683,41342698,QRIS,Bandung
TXN-0896,2024-02-08,CUST-458,Koin,22,4.3,1149062,4940966,Transfer Bank,Medan
TXN-0213,2024-01-02,CUST-459,Perhiasan,18,10.36,930304,9637949,Kartu Kredit,Bandung
TXN-0151,2024-06-19,CUST-396,Perhiasan,22,47.07,1129190,53150973,,Bandung
TXN-0158,2024-03-26,CUST-209,Perhiasan,18,44.65,929643,41508559,Transfer Bank,Makassar
TXN-0726,2024-05-25,CUST-425,Perhiasan,24,33.23,1355509,45043564,Kartu Kredit,Bandung
TXN-0234,2024-10-20,CUST-274,Perhiasan,18,40.98,958353,39273305,Kartu Kredit,Surabaya
TXN-0923,2025-09-04,CUST-210,Koin,22,33.94,1164578,39525777,Tunai,Medan
TXN-0363,2024-09-12,CUST-477,Perhiasan,22,4.9,1150966,5639733,Kartu Kredit,Medan
TXN-0310,2025-01-26,CUST-119,Batangan,24,49.82,1373775,68441470,QRIS,Medan
TXN-0166,2025-07-09,CUST-248,Perhiasan,22,47.15,1176759,55484186,Transfer Bank,Makassar
TXN-0022,2025-05-06,CUST-419,Batangan,18,38.8,966418,37497018,QRIS,JKT Pusat
TXN-0575,2024-03-09,CUST-252,Batangan,18,3.75,960205,3600768,Transfer Bank,Makassar
TXN-0490,2025-05-30,CUST-181,Batangan,24,16.94,1335881,22629824,QRIS,Jakarta Pusat
TXN-0187,2024-11-13,CUST-350,Koin,18,4.29,933921,4006521,QRIS,Bandung
TXN-0273,2025-03-28,CUST-363,Koin,24,19.14,1371448,26249514,Kartu Kredit,SBY
TXN-0071,2025-07-19,CUST-256,Perhiasan,18,21.03,958599,20159336,Transfer Bank,Jakarta Pusat
TXN-0400,2025-12-27,CUST-212,Perhiasan,22,47.04,1176827,55357942,Tunai,Makassar
TXN-0942,2024-12-15,CUST-111,Perhiasan,22,18.89,1137587,21489018,Tunai,Bandung
TXN-0406,2024-05-04,CUST-197,Perhiasan,18,6.29,952567,5991646,Transfer Bank,JKT Pusat
TXN-0135,2025-05-17,CUST-270,Perhiasan,22,,1139281,35329103,Tunai,Bandung
TXN-0950,2025-07-01,CUST-337,Perhiasan,22,39.67,1178013,46731775,Kartu Kredit,Bandung
TXN-0011,2024-08-02,CUST-335,Batangan,18,41.38,961439,39784345,QRIS,Medan
TXN-0859,2025-07-26,CUST-194,Batangan,22,46.66,1175118,54831005,Kartu Kredit,Bandung
TXN-0858,2024-02-17,CUST-465,Batangan,22,,1122155,16989426,Tunai,Jakarta Pusat
TXN-0430,2024-04-15,CUST-160,Perhiasan,18,4.25,931110,3957217,QRIS,Medan
TXN-0124,2025-07-27,CUST-445,Perhiasan,22,29.43,1164463,34270146,QRIS,Makassar
TXN-0489,2024-11-20,CUST-314,Koin,22,31.15,1151898,35881622,,jakarta pusat
TXN-0309,2025-05-18,CUST-495,Perhiasan,18,46.45,976344,45351178,Tunai,Bandung
TXN-0461,2025-10-17,CUST-473,Perhiasan,24,37.39,1359094,50816524,Transfer Bank,Makassar
TXN-0476,2025-07-04,CUST-381,Koin,24,38.21,1374962,52537298,QRIS,Surabaya
TXN-0165,2025-09-11,CUST-498,Perhiasan,22,3.23,1126869,3639786,QRIS,Makassar
TXN-0928,2025-03-18,CUST-307,Perhiasan,18,2.58,966688,2494055,QRIS,Makassar
TXN-0257,2024-12-03,CUST-448,Perhiasan,18,46.98,933900,43874622,Transfer Bank,Makassar
TXN-0360,2024-07-09,CUST-116,Batangan,22,7.54,1144162,8626981,Tunai,Surabaya
TXN-0937,2025-05-17,CUST-287,Batangan,24,7.84,1346502,10556575,Transfer Bank,Bandung
TXN-0958,2024-04-27,CUST-387,Perhiasan,24,,1366270,22707407,Tunai,Bandung
TXN-0470,2025-03-28,CUST-125,Koin,24,18.24,1346928,24567966,Transfer Bank,SBY
TXN-0122,2025-05-17,CUST-122,Perhiasan,18,47.7,934287,44565489,QRIS,Jakarta Pusat
TXN-0903,2024-05-24,CUST-404,Perhiasan,22,43.7,1169699,51115846,Transfer Bank,SBY
TXN-0583,2024-05-23,CUST-162,Perhiasan,22,22.39,1172091,26243117,Kartu Kredit,Makassar
TXN-0424,2024-12-15,CUST-172,Perhiasan,22,28.25,1151926,32541909,QRIS,Surabaya
TXN-0579,2025-04-13,CUST-158,Batangan,18,45.89,970492,44535877,Tunai,Makassar
TXN-0389,2024-02-05,CUST-406,Perhiasan,18,43.32,958498,41522133,Tunai,Surabaya
TXN-0715,2025-08-16,CUST-254,Perhiasan,22,44.53,1171517,52167652,Transfer Bank,Jakarta Pusat
TXN-0688,2024-01-12,CUST-455,Perhiasan,18,22.6,978806,22121015,QRIS,Surabaya
TXN-0527,2025-05-15,CUST-195,Perhiasan,18,,972949,40776292,QRIS,Makassar
TXN-0632,2024-06-30,CUST-236,Batangan,22,31.51,1147388,36154195,Kartu Kredit,jakarta pusat
TXN-1000,2025-09-04,CUST-361,Batangan,18,1.21,952167,1152122,Transfer Bank,surabaya
TXN-0693,2025-01-07,CUST-232,Perhiasan,22,1.66,1129824,1875507,Kartu Kredit,Makassar
TXN-0217,2024-08-12,CUST-323,Perhiasan,24,38.38,1351658,51876634,Tunai,Surabaya
TXN-0641,2025-10-14,CUST-494,Perhiasan,22,34.84,1135960,39576846,Transfer Bank,Medan
TXN-0675,2025-02-05,CUST-267,Perhiasan,24,49.49,1333799,66009712,QRIS,Jakarta Pusat
TXN-0385,2025-06-21,CUST-229,Perhiasan,24,6.18,1324616,8186126,Tunai,Bandung
TXN-0174,2024-07-08,CUST-162,Perhiasan,24,8.2,1362939,11176099,Transfer Bank,Bandung
TXN-0200,2025-05-11,CUST-253,Perhiasan,24,9.13,1365039,12462806,,Bandung
TXN-0889,2025-05-20,CUST-332,Batangan,18,27.75,937285,26009658,Kartu Kredit,Jakarta Pusat
TXN-0905,2024-07-30,CUST-416,Perhiasan,24,49.3,1345142,66315500,,Surabaya
TXN-0366,2024-01-18,CUST-216,Perhiasan,18,49.25,958990,47230257,Kartu Kredit,Bandung
TXN-0795,2024-09-05,CUST-183,Perhiasan,22,1.17,1132746,1325312,Tunai,Makassar
TXN-0506,2025-07-30,CUST-463,Perhiasan,22,45.01,1148129,51677286,Tunai,Medan
TXN-0289,2025-09-16,CUST-362,Koin,22,30.96,1165201,36074622,Transfer Bank,Surabaya
TXN-0657,2025-02-12,CUST-400,Perhiasan,22,12.7,1171702,14880615,Kartu Kredit,Bandung
TXN-0006,2025-12-01,CUST-193,Perhiasan,22,26.9,1160388,31214437,Tunai,Bandung
TXN-0263,2025-09-02,CUST-354,Perhiasan,22,49.43,1121627,55442022,Transfer Bank,Jakarta Pusat
TXN-0510,2025-07-09,CUST-103,Batangan,18,26.82,978533,26244255,Transfer Bank,Makassar
TXN-0411,2024-10-31,CUST-168,Koin,18,31.8,979199,31138528,Tunai,Bandung
TXN-0235,2024-10-06,CUST-293,Perhiasan,18,25.75,923159,23771344,Kartu Kredit,Medan
TXN-0627,2024-05-11,CUST-366,Batangan,24,13.34,1354758,18072471,Kartu Kredit,Makassar
TXN-0796,2024-06-14,CUST-361,Perhiasan,24,16.47,1364243,22469082,Tunai,Jakarta Pusat
TXN-0834,2024-01-05,CUST-321,Batangan,18,40.3,936562,37743448,QRIS,SBY
TXN-0938,2025-09-15,CUST-461,Koin,24,9.02,1369768,12355307,Tunai,Makassar
TXN-0917,2024-02-03,CUST-427,Perhiasan,24,13.49,1328997,17928169,Kartu Kredit,Medan
TXN-0060,2025-01-01,CUST-203,Batangan,18,4.47,939880,4201263,Kartu Kredit,Makassar
TXN-0946,2024-08-30,CUST-342,Perhiasan,18,23.76,972233,23100256,Kartu Kredit,Medan
TXN-0503,2025-03-02,CUST-392,Batangan,18,2.82,964414,2719647,QRIS,JKT Pusat
TXN-0935,2025-12-10,CUST-226,Perhiasan,22,34.08,1163601,39655522,Tunai,Bandung
TXN-0416,2025-09-04,CUST-338,Perhiasan,24,11.29,1371396,15483060,QRIS,Makassar
TXN-0355,2024-06-29,CUST-440,Batangan,18,27.38,926297,25362011,QRIS,Medan
TXN-0839,2025-02-08,CUST-439,Perhiasan,18,33.85,962511,32580997,Transfer Bank,Jakarta Pusat
TXN-0203,2024-09-24,CUST-148,Batangan,24,49.22,1322887,65112498,QRIS,Makassar
TXN-0344,2024-06-06,CUST-103,Perhiasan,18,32.84,979123,32154399,Kartu Kredit,JKT Pusat
TXN-0322,2024-02-07,CUST-180,Perhiasan,24,10.39,1335905,13880052,Tunai,JKT Pusat
TXN-0479,2024-09-10,CUST-490,Perhiasan,24,,1329947,14110737,Tunai,Makassar
TXN-0587,2025-11-23,CUST-465,Perhiasan,18,17.36,929265,16132040,Tunai,Jakarta Pusat
TXN-0145,2025-07-17,CUST-386,Koin,22,6.7,1149809,7703720,Transfer Bank,Jakarta Pusat
TXN-0790,2024-04-07,CUST-335,Perhiasan,24,44.77,1345186,60223977,Tunai,Bandung
TXN-0090,2024-12-03,CUST-258,Batangan,24,23.33,1334318,31129638,Kartu Kredit,Jakarta Pusat
TXN-0195,2025-08-30,CUST-260,Batangan,22,24.19,1161979,28108272,Transfer Bank,Makassar
TXN-0117,2024-01-28,CUST-429,Batangan,18,22.95,941473,21606805,QRIS,Makassar
TXN-0625,2024-08-04,CUST-456,Perhiasan,22,,1162065,13340506,Tunai,Surabaya
TXN-0762,2025-05-02,CUST-494,Koin,18,42.65,955289,40743075,QRIS,Makassar
TXN-0974,2025-12-24,CUST-306,Koin,24,28.56,1340977,38298303,Kartu Kredit,Makassar
TXN-0689,2024-11-25,CUST-290,Batangan,22,31.13,1165212,36273049,QRIS,Medan
TXN-0240,2025-08-31,CUST-418,Batangan,22,48.53,1141638,55403692,Tunai,Surabaya
TXN-0696,2024-12-13,CUST-413,Perhiasan,22,6.89,1159008,7985565,QRIS,Medan
TXN-0737,2024-04-08,CUST-451,Perhiasan,22,20.86,1153686,24065889,QRIS,Bandung
TXN-0955,2024-03-15,CUST-218,Perhiasan,18,34.09,943760,32172778,QRIS,Surabaya
TXN-0652,2024-07-08,CUST-275,Perhiasan,18,8.98,955967,8584583,Kartu Kredit,Makassar
TXN-0025,2024-07-10,CUST-366,Perhiasan,22,11.25,1135310,12772237,Tunai,Surabaya
TXN-0717,2025-12-09,CUST-332,Batangan,18,38.41,924897,35525293,Transfer Bank,Makassar
TXN-0346,2024-02-15,CUST-128,Koin,22,15.13,1150024,17399863,Transfer Bank,Jakarta Pusat
TXN-0384,2025-11-12,CUST-163,Perhiasan,18,-5.0,935103,14092002,Transfer Bank,Surabaya
TXN-0511,2024-10-11,CUST-448,Perhiasan,24,27.12,1374460,37275355,QRIS,Medan
TXN-0647,2025-03-31,CUST-488,Koin,24,27.6,1334626,36835677,QRIS,Medan
TXN-0285,2024-04-29,CUST-322,Batangan,22,29.7,1121378,33304926,Kartu Kredit,Jakarta Pusat
TXN-0051,2025-01-22,CUST-224,Perhiasan,22,23.56,1173051,27637081,QRIS,Makassar
TXN-0251,2024-05-26,CUST-479,Perhiasan,22,30.39,1160734,35274706,Kartu Kredit,Bandung
TXN-0081,2024-09-27,CUST-421,Koin,24,43.49,1378861,59966664,Kartu Kredit,Jakarta Pusat
TXN-0582,2024-05-30,CUST-448,Batangan,22,28.49,1150480,32777175,Transfer Bank,Bandung
TXN-0362,2024-06-09,CUST-252,Perhiasan,22,42.55,1127987,47995846,Transfer Bank,Medan
TXN-0838,2025-06-17,CUST-335,Perhiasan,18,,967028,37839805,QRIS,Jakarta Pusat
TXN-0807,2024-11-25,CUST-379,Koin,22,33.48,1147025,38402397,Kartu Kredit,Medan
TXN-0207,2024-04-22,CUST-276,Batangan,24,18.51,1356948,25117107,Tunai,Bandung
TXN-0202,2025-07-17,CUST-469,Koin,18,22.37,928876,20778956,QRIS,Makassar
TXN-0999,2024-11-14,CUST-434,Batangan,22,21.05,1136727,23928103,QRIS,Bandung
TXN-0602,2024-09-09,CUST-276,Perhiasan,18,11.08,941181,10428285,Tunai,Medan
TXN-0303,2025-12-20,CUST-296,Koin,24,23.68,1332632,31556725,Transfer Bank,Bandung
TXN-0070,2025-01-24,CUST-210,Perhiasan,18,46.95,929837,43655847,Transfer Bank,Surabaya
TXN-0064,2024-02-04,CUST-233,Perhiasan,18,45.87,934308,42856707,Kartu Kredit,Medan
TXN-0302,2024-06-11,CUST-402,Perhiasan,18,33.67,939937,31647678,QRIS,Jakarta Pusat
TXN-0284,2024-02-23,CUST-497,Perhiasan,18,39.4,977204,38501837,,Surabaya
TXN-0059,2024-04-01,CUST-408,Perhiasan,18,1.18,973473,1148698,Kartu Kredit,Medan
TXN-0680,2024-05-22,CUST-403,Perhiasan,24,8.87,1377608,12219382,QRIS,Bandung
TXN-0232,2024-05-02,CUST-177,Perhiasan,22,45.21,1141292,51597811,Tunai,Bandung
TXN-0607,2024-06-16,CUST-340,Batangan,18,47.36,953751,45169647,Transfer Bank,Bandung
TXN-0761,2025-03-24,CUST-128,Koin,18,7.96,972116,7738043,Tunai,Surabaya
TXN-0851,2024-02-16,CUST-304,Batangan,22,38.69,1150890,44527934,Kartu Kredit,Makassar
TXN-0772,2024-04-27,CUST-198,Koin,18,13.05,939583,12261558,Tunai,Medan
TXN-0018,2024-05-10,CUST-100,Perhiasan,18,41.17,920924,37914441,Tunai,Medan
TXN-0254,2025-05-03,CUST-387,Batangan,22,18.87,1148967,21681007,Transfer Bank,SBY
TXN-0911,2024-04-18,CUST-458,Batangan,24,23.04,1368257,31524641,Transfer Bank,Medan
TXN-0417,2024-09-20,CUST-247,Perhiasan,22,1.25,1140470,1425587,QRIS,Medan
TXN-0136,2025-02-01,CUST-455,Perhiasan,22,12.69,1162049,14746401,Tunai,Bandung
TXN-0106,2024-05-18,CUST-194,Perhiasan,18,40.61,921079,37405018,Tunai,Bandung
TXN-0075,2025-02-05,CUST-137,Batangan,22,32.1,1153073,37013643,,Makassar
TXN-0806,2025-02-04,CUST-380,Batangan,22,19.51,1122159,21893322,Kartu Kredit,Surabaya
TXN-0515,2024-10-28,CUST-115,Perhiasan,24,28.04,1369839,38410285,QRIS,Makassar
TXN-0636,2025-06-14,CUST-269,Perhiasan,24,33.31,1373639,45755915,QRIS,Surabaya
TXN-0875,2024-03-18,CUST-145,Perhiasan,18,17.2,930891,16011325,QRIS,Jakarta Pusat
TXN-0804,2024-05-17,CUST-262,Perhiasan,22,27.88,1133854,31611849,Transfer Bank,Medan
TXN-0058,2024-12-05,CUST-324,Perhiasan,22,20.6,1178981,24287008,Kartu Kredit,Makassar
TXN-0576,2024-04-08,CUST-298,Perhiasan,22,44.41,1153214,51214233,Tunai,Medan
TXN-0674,2025-03-16,CUST-435,Perhiasan,24,2.23,1347812,3005620,Tunai,surabaya
TXN-0301,2025-12-06,CUST-484,Koin,24,11.72,1347773,15795899,,JKT Pusat
TXN-0446,2024-04-05,CUST-404,Perhiasan,22,21.47,1146426,24613766,Transfer Bank,surabaya
TXN-0525,2025-09-08,CUST-240,Batangan,18,13.49,972335,13116799,QRIS,Surabaya
TXN-0861,2024-01-26,CUST-131,Batangan,24,13.95,1359725,18968163,QRIS,Bandung
TXN-0228,2024-09-03,CUST-243,Perhiasan,24,6.6,1338324,8832938,Transfer Bank,Jakarta Pusat
TXN-0849,2024-03-13,CUST-494,Koin,18,15.25,969737,14788489,Tunai,Bandung
TXN-0705,2025-12-04,CUST-181,Perhiasan,22,39.16,1163066,45545664,QRIS,Surabaya
TXN-0300,2024-12-03,CUST-101,Batangan,22,32.51,1124603,36560843,Tunai,Jakarta Pusat
TXN-0380,2024-09-02,CUST-272,Batangan,22,45.29,1120066,50727789,QRIS,Surabaya
TXN-0271,2024-09-10,CUST-196,Perhiasan,18,30.21,954949,28849009,Tunai,Bandung
TXN-0531,2025-02-16,CUST-401,Batangan,18,16.17,946220,15300377,Kartu Kredit,Bandung
TXN-0753,2024-03-25,CUST-274,Batangan,22,8.71,1136576,9899576,QRIS,Medan
TXN-0032,2025-07-14,CUST-312,Perhiasan,18,42.98,952092,40920914,Tunai,Surabaya
TXN-0465,2024-10-11,CUST-188,Perhiasan,24,8.34,1355685,11306412,Kartu Kredit,Surabaya
TXN-0885,2025-09-14,CUST-452,Perhiasan,24,46.57,1355897,63144123,Tunai,Jakarta Pusat
TXN-0933,2025-10-23,CUST-482,Perhiasan,18,,946655,14322890,QRIS,JKT Pusat
TXN-0562,2025-09-03,CUST-286,Batangan,22,41.11,1136766,46732450,QRIS,Bandung
TXN-0748,2025-11-07,CUST-219,Perhiasan,24,31.85,1333929,42485638,Transfer Bank,JKT Pusat
TXN-0163,2025-10-07,CUST-154,Perhiasan,24,8.82,1376234,12138383,QRIS,Makassar
TXN-0786,2024-04-12,CUST-126,Batangan,24,46.25,1352574,62556547,QRIS,Bandung
TXN-0821,2025-06-03,CUST-273,Perhiasan,24,16.34,1354678,22135438,QRIS,Medan
TXN-0328,2024-01-27,CUST-227,Perhiasan,24,42.9,1325753,56874803,Kartu Kredit,Medan
TXN-0110,2025-11-05,CUST-381,Koin,18,29.2,975432,28482614,Tunai,Surabaya
TXN-0970,2025-10-06,CUST-301,Batangan,22,17.42,1136667,19800739,Tunai,Makassar
TXN-0811,2024-02-22,CUST-307,Batangan,18,24.26,954085,23146102,Tunai,Surabaya
TXN-0735,2025-09-01,CUST-377,Perhiasan,18,9.58,966158,9255793,Kartu Kredit,Surabaya
TXN-0836,2025-08-26,CUST-372,Perhiasan,24,49.74,1375514,68418066,Kartu Kredit,Makassar
TXN-0128,2025-12-26,CUST-317,Batangan,22,37.16,1123340,41743314,Kartu Kredit,Surabaya
TXN-0989,2025-11-20,CUST-251,Batangan,24,25.43,1320992,33592826,,Bandung
TXN-0029,2024-11-09,CUST-415,Batangan,18,44.48,971822,43226642,Tunai,Surabaya
TXN-0599,2024-01-09,CUST-153,Perhiasan,18,14.25,944327,13456659,Kartu Kredit,Surabaya
TXN-0468,2024-02-16,CUST-158,Koin,18,8.22,968669,7962459,Kartu Kredit,Makassar
TXN-0580,2025-04-28,CUST-171,Perhiasan,22,38.93,1149086,44733917,QRIS,Bandung
TXN-0491,2024-01-16,CUST-322,Perhiasan,18,46.44,930785,43225655,Kartu Kredit,Medan
TXN-0392,2024-11-16,CUST-470,Batangan,22,42.88,1143849,49048245,Transfer Bank,surabaya
TXN-0167,2024-12-05,CUST-408,Perhiasan,24,4.2,1360437,5713835,Transfer Bank,Bandung
TXN-0451,2025-05-02,CUST-402,Perhiasan,24,,1339773,10235865,Transfer Bank,Jakarta Pusat
TXN-0707,2024-05-24,CUST-357,Koin,18,30.32,930400,28209728,Transfer Bank,Bandung
TXN-0546,2024-07-08,CUST-276,Koin,22,25.27,1120463,28314100,,Makassar
TXN-0552,2024-08-04,CUST-245,Batangan,18,11.15,966202,10773152,Tunai,Bandung
TXN-0089,2025-12-20,CUST-496,Perhiasan,24,43.12,1348805,58160471,Kartu Kredit,Bandung
TXN-0396,2025-04-15,CUST-366,Koin,24,15.29,1332940,20380652,QRIS,surabaya
TXN-0146,2024-04-05,CUST-477,Koin,24,10.43,1354552,14127977,Transfer Bank,Medan
TXN-0308,2024-10-03,CUST-218,Batangan,18,42.72,924818,39508224,Transfer Bank,Jakarta Pusat
TXN-0981,2024-03-30,CUST-258,Perhiasan,22,23.24,1135630,26392041,QRIS,Medan
TXN-0313,2025-02-04,CUST-355,Batangan,24,11.17,1347464,15051172,QRIS,Makassar
TXN-0492,2024-12-01,CUST-471,Perhiasan,22,42.32,1126691,47681563,QRIS,Bandung
TXN-0160,2025-11-12,CUST-412,Perhiasan,24,27.82,1363240,37925336,Transfer Bank,Medan
TXN-0663,2025-11-02,CUST-422,Batangan,18,6.0,961821,5770926,Transfer Bank,Surabaya
TXN-0448,2024-04-27,CUST-429,Koin,24,2.07,1370642,2837228,,Medan
TXN-0466,2024-08-07,CUST-367,Perhiasan,18,3.06,974883,2983141,Transfer Bank,Bandung
TXN-0930,2025-01-11,CUST-489,Perhiasan,22,5.38,1143110,6149931,Tunai,Bandung
TXN-0077,2025-07-09,CUST-388,Batangan,22,33.97,1152088,39136429,Kartu Kredit,Bandung
TXN-0826,2024-07-13,CUST-280,Batangan,24,29.82,1344354,40088636,Tunai,Surabaya
TXN-0196,2025-04-16,CUST-276,Batangan,22,39.14,1142837,44730640,Transfer Bank,Medan
TXN-0960,2025-05-18,CUST-399,Perhiasan,18,30.37,925801,28116576,Transfer Bank,Surabaya
TXN-0709,2025-12-24,CUST-176,Perhiasan,22,3.52,1130345,3978814,Transfer Bank,Surabaya
TXN-0329,2024-08-13,CUST-323,Perhiasan,24,41.84,1360005,56902609,QRIS,Jakarta Pusat
TXN-0971,2024-11-21,CUST-342,Koin,24,43.76,1325840,58018758,Transfer Bank,Medan
TXN-0662,2025-11-15,CUST-285,Batangan,18,6.54,954273,6240945,Transfer Bank,Makassar
TXN-0746,2024-01-23,CUST-292,Perhiasan,24,36.35,1326391,48214312,Transfer Bank,Bandung
TXN-0597,2025-10-19,CUST-104,Batangan,24,13.59,1376099,18701185,Kartu Kredit,Bandung
TXN-0223,2025-11-14,CUST-131,Batangan,24,28.2,1320490,37237818,Tunai,Jakarta Pusat
TXN-0668,2024-07-21,CUST-446,Batangan,18,27.51,942852,25937858,Transfer Bank,Bandung
TXN-0850,2024-09-05,CUST-163,Perhiasan,22,14.25,1158591,16509921,Tunai,Makassar
TXN-0084,2025-12-27,CUST-222,Perhiasan,22,31.12,1176232,36604339,Tunai,Medan
TXN-0397,2024-05-22,CUST-395,Batangan,24,5.8,1372491,7960447,Kartu Kredit,Makassar
TXN-0072,2024-04-15,CUST-388,Koin,22,20.42,1172151,23935323,QRIS,Bandung
TXN-0230,2024-07-21,CUST-117,Batangan,22,21.1,1141398,24083497,Kartu Kredit,Medan
TXN-0069,2024-01-02,CUST-114,Batangan,24,0.76,1370383,1041491,Transfer Bank,Makassar
TXN-0513,2024-01-12,CUST-309,Perhiasan,22,11.24,1143474,12852647,Kartu Kredit,Medan
TXN-0150,2025-10-16,CUST-395,Perhiasan,18,31.14,948706,29542704,QRIS,Makassar
TXN-0073,2025-04-21,CUST-330,Batangan,22,19.83,1172592,23252499,Tunai,Makassar
TXN-0611,2024-07-12,CUST-437,Koin,22,35.04,1130143,39600210,Kartu Kredit,Makassar
TXN-0856,2024-12-15,CUST-419,Koin,24,3.8,1324011,5031241,,Jakarta Pusat
TXN-0227,2025-02-19,CUST-385,Perhiasan,22,40.09,1139680,45689771,Kartu Kredit,JKT Pusat
TXN-0184,2025-03-31,CUST-116,Perhiasan,24,8.92,1376356,12277095,QRIS,Makassar
TXN-0941,2025-03-21,CUST-186,Koin,22,,1175565,51207611,Transfer Bank,Surabaya
TXN-0721,2024-09-07,CUST-453,Batangan,22,7.6,1124567,8546709,QRIS,Jakarta Pusat
TXN-0457,2025-08-03,CUST-363,Perhiasan,24,-5.0,1373464,39734313,QRIS,Medan
TXN-0624,2024-11-22,CUST-497,Perhiasan,18,8.59,943649,8105944,Tunai,Bandung
TXN-0021,2024-12-09,CUST-159,Batangan,22,39.44,1125506,44389956,Transfer Bank,Jakarta Pusat
TXN-0449,2025-07-13,CUST-156,Koin,24,39.21,1320893,51792214,QRIS,surabaya
TXN-0756,00-00-2024,CUST-263,Perhiasan,18,27.56,948464,26139667,Tunai,Jakarta Pusat
TXN-0413,2025-11-12,CUST-388,Koin,24,19.81,1337558,26497023,Transfer Bank,Makassar
TXN-0944,2025-10-25,CUST-124,Perhiasan,18,26.42,955333,25239897,QRIS,Medan
TXN-0345,2025-04-21,CUST-253,Batangan,24,10.02,1357244,13599584,Transfer Bank,JKT Pusat
TXN-0867,2025-12-19,CUST-491,Perhiasan,22,27.47,1173855,32245796,Tunai,Surabaya
TXN-0216,2025-07-19,CUST-356,Koin,22,28.35,1137010,32234233,Kartu Kredit,Makassar
TXN-0779,2025-09-15,CUST-174,Perhiasan,22,2.6,1120240,2912624,Kartu Kredit,JKT Pusat
TXN-0043,2024-08-31,CUST-188,Perhiasan,18,35.49,949122,33684339,Transfer Bank,Surabaya
TXN-0027,2024-06-09,CUST-328,Koin,18,,931781,12644268,Transfer Bank,Medan
TXN-0436,2024-02-27,CUST-230,Perhiasan,18,39.28,963705,999000000,QRIS,Bandung
TXN-0142,2025-11-21,CUST-226,Batangan,22,19.08,1124683,21458951,Tunai,Jakarta Pusat
TXN-0009,2024-05-01,CUST-168,Batangan,24,11.64,1342057,15621543,QRIS,Makassar
TXN-0982,2025-10-15,CUST-123,Batangan,22,37.73,1140056,43014312,Transfer Bank,SBY
TXN-0516,2024-09-09,CUST-207,Perhiasan,22,1.94,1167124,2264220,QRIS,Makassar
TXN-0486,2025-10-20,CUST-275,Perhiasan,18,15.93,971372,15473955,Transfer Bank,Medan
TXN-0003,2024-09-27,CUST-364,Perhiasan,24,47.95,1361913,65303728,Tunai,Jakarta Pusat
TXN-0853,2024-08-01,CUST-171,Koin,18,41.7,931962,38862815,Tunai,Jakarta Pusat
TXN-0033,2025-04-19,CUST-264,Perhiasan,22,39.3,1131410,44464413,Tunai,Surabaya
TXN-0739,2025-01-19,CUST-423,Batangan,18,1.88,953266,1792140,Tunai,Medan
TXN-0993,2024-06-20,CUST-204,Batangan,22,23.57,1165156,27462726,QRIS,Surabaya
TXN-0878,2024-12-30,CUST-409,Perhiasan,18,36.75,976095,35871491,Kartu Kredit,Medan
TXN-0857,2024-04-16,CUST-437,Batangan,18,2.88,939782,2706572,,Makassar
TXN-0519,2025-12-27,CUST-326,Batangan,24,11.39,1371046,15616213,Kartu Kredit,Jakarta Pusat
TXN-0842,2024-08-20,CUST-265,Perhiasan,24,24.86,1320060,32816691,QRIS,JKT Pusat
TXN-0852,2024-04-30,CUST-308,Koin,18,32.77,952016,31197564,QRIS,Surabaya
TXN-0447,2025-09-29,CUST-116,Koin,18,39.78,959867,38183509,QRIS,Bandung
TXN-0509,2024-02-12,CUST-475,Batangan,22,37.63,1133386,42649315,Kartu Kredit,Medan
TXN-0159,2025-07-31,CUST-281,Koin,24,15.65,1329943,20813607,QRIS,Jakarta Pusat
TXN-0170,2025-05-20,CUST-412,Batangan,22,49.27,1175371,57910529,Kartu Kredit,Bandung
TXN-0643,2025-09-29,CUST-223,Perhiasan,24,11.2,1357203,15200673,QRIS,Jakarta Pusat
TXN-0171,2024-12-13,CUST-216,Koin,24,8.72,1340918,11692804,Tunai,Medan
TXN-0667,2024-07-31,CUST-139,Koin,18,7.48,969112,7248957,Transfer Bank,Bandung
TXN-0408,2024-11-09,CUST-210,Koin,22,47.52,1137174,54038508,Kartu Kredit,Bandung
TXN-0650,2025-01-21,CUST-136,Koin,22,,1126449,23294965,Transfer Bank,Surabaya
TXN-0526,2024-07-14,CUST-373,Koin,22,16.0,1152479,18439664,Kartu Kredit,Jakarta Pusat
TXN-0666,2024-03-20,CUST-453,Perhiasan,22,39.63,1149670,45561422,Tunai,surabaya
TXN-0096,2024-02-10,CUST-114,Koin,22,-5.0,1178508,50970471,QRIS,Surabaya
TXN-0732,2024-08-04,CUST-434,Perhiasan,24,35.22,1357052,47795371,Tunai,Makassar
TXN-0259,2025-04-17,CUST-420,Perhiasan,24,17.21,1334678,22969808,Kartu Kredit,Medan
TXN-0963,2024-07-12,CUST-249,Koin,18,21.42,936075,20050726,Tunai,Bandung
TXN-0860,2024-12-02,CUST-265,Batangan,24,26.4,1376481,36339098,Tunai,Bandung
TXN-0137,2025-01-27,CUST-423,Batangan,22,34.69,1140425,39561343,QRIS,Makassar
TXN-0179,2025-09-24,CUST-393,Batangan,22,41.42,1172090,48547967,QRIS,Jakarta Pusat
TXN-0144,2024-08-28,CUST-191,Koin,22,44.29,1159884,51371262,Kartu Kredit,Surabaya
TXN-0275,2024-06-08,CUST-195,Perhiasan,22,13.64,1138981,15535700,Transfer Bank,jakarta pusat
TXN-0977,2024-04-22,CUST-431,Perhiasan,18,1.69,941118,1590489,Kartu Kredit,Bandung
TXN-0155,2024-06-08,CUST-401,Batangan,18,22.05,949709,20941083,Transfer Bank,Medan
TXN-0947,2025-06-26,CUST-221,Perhiasan,22,25.37,1155398,29312447,Kartu Kredit,Medan
TXN-0041,2025-07-16,CUST-336,Batangan,22,37.53,1142403,42874384,Tunai,Medan
TXN-0759,2025-12-17,CUST-480,Perhiasan,18,40.11,922410,36997865,Tunai,Bandung
TXN-0954,2025-04-12,CUST-320,Batangan,18,10.16,927099,9419325,Kartu Kredit,Medan
TXN-0547,2024-02-06,CUST-102,Koin,18,21.97,951973,20914846,Kartu Kredit,Makassar
TXN-0520,2024-03-30,CUST-269,Batangan,22,26.15,1160157,30338105,QRIS,Bandung
TXN-0443,2024-02-27,CUST-374,Perhiasan,24,37.53,1344900,50474097,Transfer Bank,Jakarta Pusat
TXN-0793,2025-03-22,CUST-402,Koin,22,15.29,1133276,17327790,Tunai,Makassar
TXN-0925,2025-11-22,CUST-482,Perhiasan,24,31.19,1367682,42658001,Transfer Bank,Medan
TXN-0286,2025-11-03,CUST-410,Perhiasan,22,0.82,1137632,932858,Transfer Bank,Makassar
TXN-0722,2024-01-05,CUST-287,Batangan,22,1.41,1129271,1592272,Kartu Kredit,Makassar
TXN-0387,2025-06-08,CUST-462,Perhiasan,24,39.32,1370292,53879881,Kartu Kredit,Medan
TXN-0763,2024-02-03,CUST-132,Perhiasan,18,49.58,979213,48549380,Kartu Kredit,Makassar
TXN-0445,2025-05-27,CUST-143,Perhiasan,18,12.69,966805,12268755,Kartu Kredit,Surabaya
TXN-0550,2025-06-08,CUST-257,Batangan,18,14.08,923158,12998064,QRIS,Medan
TXN-0083,2025-04-06,CUST-104,Perhiasan,22,18.89,1123917,21230792,QRIS,Bandung
TXN-0539,2024-07-10,CUST-338,Koin,22,44.73,1164066,52068672,Kartu Kredit,Surabaya
TXN-0523,2025-02-21,CUST-346,Perhiasan,18,16.23,942706,15300118,Transfer Bank,Makassar
TXN-0381,2024-06-24,CUST-289,Perhiasan,22,32.55,1168623,38038678,Transfer Bank,Surabaya
TXN-0395,2025-10-15,CUST-248,Perhiasan,22,15.11,1173623,17733443,Kartu Kredit,Medan
TXN-0566,2024-03-16,CUST-297,Perhiasan,18,31.16,937796,29221723,Transfer Bank,surabaya
TXN-0736,2024-04-14,CUST-295,Perhiasan,24,29.91,1343185,40174663,QRIS,Medan
TXN-0998,2024-11-16,CUST-165,Batangan,22,8.65,1124136,9723776,Kartu Kredit,Jakarta Pusat
TXN-0405,2024-07-08,CUST-409,Perhiasan,22,24.55,1179125,28947518,Tunai,Jakarta Pusat
TXN-0787,2025-02-25,CUST-294,Koin,18,23.3,956536,22287288,Tunai,Medan
TXN-0653,2025-05-19,CUST-383,Koin,18,41.45,959536,39772767,QRIS,Makassar
TXN-0537,2025-01-28,CUST-371,Perhiasan,24,20.21,1328181,26842538,Tunai,Bandung
TXN-0734,2025-04-05,CUST-136,Perhiasan,24,49.85,1366032,68096695,Kartu Kredit,Bandung
TXN-0269,2024-01-02,CUST-166,Batangan,22,37.71,1162481,43837158,Kartu Kredit,Makassar
TXN-0293,2024-09-10,CUST-246,Perhiasan,18,46.79,927036,43376014,Tunai,Makassar
TXN-0768,2024-06-02,CUST-125,Perhiasan,18,,976754,15374107,Transfer Bank,Makassar
TXN-0687,00-00-2024,CUST-269,Perhiasan,22,22.0,1155489,25420758,Kartu Kredit,Makassar
TXN-0691,2025-02-11,CUST-287,Batangan,22,,1163258,29418794,Kartu Kredit,Jakarta Pusat
TXN-0183,2025-12-10,CUST-446,Perhiasan,24,48.78,1325296,64647938,Kartu Kredit,Makassar
TXN-0596,2024-08-22,CUST-361,Koin,18,15.58,957425,14916681,Transfer Bank,Surabaya
TXN-0868,2024-10-29,CUST-366,Batangan,24,,1355474,9786522,Kartu Kredit,Surabaya
TXN-0335,2025-10-20,CUST-108,Koin,18,4.83,934622,4514224,Transfer Bank,Surabaya
TXN-0245,2025-04-08,CUST-458,Perhiasan,18,42.81,955461,40903285,Transfer Bank,Surabaya
TXN-0698,2024-03-30,CUST-130,Perhiasan,22,30.36,1120215,34009727,QRIS,Surabaya
TXN-0706,2025-05-16,CUST-455,Perhiasan,22,39.68,1154335,45804012,QRIS,jakarta pusat
TXN-0208,00-00-2024,CUST-247,Koin,22,9.94,1122841,11161039,Kartu Kredit,Makassar
TXN-0931,2024-10-15,CUST-413,Perhiasan,18,6.27,930754,5835827,QRIS,Bandung
TXN-0330,2024-10-03,CUST-308,Batangan,24,46.4,1334175,61905720,QRIS,Makassar
TXN-0758,2025-11-15,CUST-326,Koin,24,6.81,1351601,9204402,Kartu Kredit,Jakarta Pusat
TXN-0882,2024-11-07,CUST-260,Batangan,24,15.5,1369589,21228629,Tunai,Surabaya
TXN-0361,2024-09-09,CUST-264,Perhiasan,24,16.0,1326008,21216128,Tunai,Bandung
TXN-0738,2025-05-25,CUST-341,Perhiasan,24,6.76,1331445,9000568,Tunai,Medan
TXN-0542,2025-07-01,CUST-458,Perhiasan,24,47.19,1326380,62591872,Kartu Kredit,Medan
TXN-0417,2024-09-20,CUST-247,Perhiasan,22,1.25,1140470,1425587,QRIS,Medan
TXN-0874,2024-01-28,CUST-476,Batangan,18,38.64,934820,36121444,Tunai,Makassar
TXN-0684,2025-07-19,CUST-144,Batangan,18,32.08,951551,30525756,Kartu Kredit,Jakarta Pusat
TXN-0612,2025-05-31,CUST-161,Perhiasan,22,18.52,1145855,21221234,Transfer Bank,Surabaya
TXN-0133,2024-01-05,CUST-203,Batangan,22,11.92,1145425,13653466,Tunai,Medan
TXN-0334,2025-03-28,CUST-113,Perhiasan,24,21.84,1338982,29243366,Tunai,Makassar
TXN-0111,2025-02-22,CUST-398,Koin,24,22.92,1350951,30963796,Tunai,Medan
TXN-0877,2025-01-20,CUST-179,Koin,18,26.72,925269,24723187,QRIS,Surabaya
TXN-0004,2024-04-16,CUST-498,Perhiasan,22,21.84,1157292,25275257,Tunai,Bandung
TXN-0697,2025-11-06,CUST-348,Batangan,22,5.43,1169664,6351275,Transfer Bank,Bandung
TXN-0695,2024-05-01,CUST-144,Perhiasan,24,,1343488,19225313,Tunai,Bandung
TXN-0085,2024-09-08,CUST-429,Batangan,18,31.84,977763,31131973,QRIS,Jakarta Pusat
TXN-0050,2024-09-30,CUST-278,Batangan,24,0.78,1379400,1075932,QRIS,Surabaya
TXN-0336,2025-05-30,CUST-139,Koin,24,14.5,1321001,19154514,Transfer Bank,Surabaya
TXN-0078,2024-06-10,CUST-353,Perhiasan,18,7.35,948112,6968623,Transfer Bank,Bandung
TXN-0651,2024-12-13,CUST-415,Perhiasan,18,6.72,939065,6310516,Tunai,jakarta pusat
TXN-0703,2025-06-23,CUST-257,Perhiasan,18,10.15,943834,9579915,Kartu Kredit,Jakarta Pusat
TXN-0181,00-00-2024,CUST-490,Koin,18,18.01,979644,17643388,Transfer Bank,Makassar
TXN-0249,2024-12-11,CUST-465,Koin,24,20.62,1354924,27938532,Tunai,Jakarta Pusat
TXN-0670,2025-11-06,CUST-388,Perhiasan,24,2.74,1348307,3694361,Transfer Bank,Bandung
TXN-0371,2025-09-17,CUST-386,Perhiasan,24,12.38,1355340,16779109,QRIS,Surabaya
TXN-0280,2024-07-26,CUST-401,Koin,18,47.45,922881,43790703,Transfer Bank,Bandung
TXN-0426,2025-10-17,CUST-395,Koin,24,4.6,1357356,6243837,Kartu Kredit,Surabaya
TXN-0435,2025-08-26,CUST-390,Koin,22,,1131970,50757534,Tunai,Medan
TXN-0678,2024-10-31,CUST-158,Koin,18,25.48,921449,23478520,Transfer Bank,Makassar
TXN-0350,2024-02-06,CUST-392,Perhiasan,18,,965246,17229641,Transfer Bank,Medan
TXN-0528,2025-09-17,CUST-326,Perhiasan,18,2.99,925178,2766282,Transfer Bank,Jakarta Pusat
TXN-0258,2025-10-02,CUST-107,Perhiasan,24,44.75,1331440,59581940,QRIS,Surabaya
TXN-0325,2025-07-16,CUST-219,Batangan,22,32.75,1161004,38022881,QRIS,Jakarta Pusat
TXN-0112,2024-10-15,CUST-382,Batangan,24,47.46,1335327,63374619,Transfer Bank,Makassar
TXN-0204,2025-05-24,CUST-436,Batangan,18,20.09,962422,19335057,Kartu Kredit,SBY
TXN-0487,2025-03-17,CUST-427,Perhiasan,22,12.86,1161932,14942445,Transfer Bank,Surabaya
TXN-0894,2024-01-28,CUST-293,Batangan,24,40.88,1325529,54187625,Kartu Kredit,Makassar
TXN-0623,2025-05-25,CUST-167,Perhiasan,24,20.82,1368476,28491670,Tunai,Jakarta Pusat
TXN-0444,2025-09-25,CUST-200,Batangan,24,28.28,1325074,37473092,Kartu Kredit,Bandung
TXN-0398,2024-04-01,CUST-110,Perhiasan,18,22.28,936932,20874844,QRIS,Medan
TXN-0565,2024-08-20,CUST-479,Perhiasan,18,19.42,931695,18093516,Tunai,JKT Pusat
TXN-0153,2024-02-05,CUST-366,Batangan,18,6.83,959449,6553036,Tunai,Medan
TXN-0340,2025-05-26,CUST-300,Batangan,24,15.04,1343283,20202976,QRIS,Medan
TXN-0409,2025-07-23,CUST-251,Perhiasan,18,7.29,962598,7017339,Kartu Kredit,JKT Pusat
TXN-0740,2025-02-08,CUST-318,Perhiasan,22,31.33,1122809,35177605,Kartu Kredit,Surabaya
TXN-0567,2024-09-21,CUST-394,Perhiasan,18,22.99,962543,22128863,QRIS,Medan
TXN-0568,2025-03-30,CUST-418,Perhiasan,18,39.12,934559,36559948,Transfer Bank,Jakarta Pusat
TXN-0922,2025-02-28,CUST-417,Perhiasan,18,8.55,923225,7893573,Transfer Bank,Jakarta Pusat
TXN-0724,2025-01-08,CUST-464,Batangan,24,,1331703,62829747,QRIS,JKT Pusat
TXN-0243,2024-07-05,CUST-363,Batangan,24,14.33,1338771,19184588,Tunai,Makassar
TXN-0642,2024-08-07,CUST-325,Perhiasan,18,27.86,931357,25947606,Kartu Kredit,SBY
TXN-0197,00-00-2024,CUST-384,Batangan,22,15.53,1134997,17626503,Tunai,Surabaya
TXN-0441,2025-01-27,CUST-453,Koin,18,43.72,935187,40886375,Transfer Bank,Medan
TXN-0026,2024-10-03,CUST-460,Perhiasan,24,-5.0,1328226,31173464,Tunai,Makassar
TXN-0578,2024-01-25,CUST-359,Batangan,18,25.1,931516,23381051,Transfer Bank,Medan
TXN-0055,2024-08-29,CUST-242,Perhiasan,24,,1326470,63776677,QRIS,Surabaya
TXN-0376,2025-05-04,CUST-367,Koin,22,45.71,1164220,53216496,Kartu Kredit,Bandung
TXN-0276,2024-01-09,CUST-187,Koin,18,27.94,920901,25729973,Tunai,Bandung
TXN-0292,2024-04-13,CUST-184,Perhiasan,22,35.35,1179251,41686522,QRIS,Medan
TXN-0130,2025-09-04,CUST-203,Batangan,24,29.91,1368664,40936740,,Makassar
TXN-0592,2025-09-25,CUST-317,Batangan,24,4.3,1355918,5830447,QRIS,Makassar
TXN-0402,2025-10-26,CUST-394,Perhiasan,22,43.23,1167411,50467177,Transfer Bank,Medan
TXN-0534,2025-12-29,CUST-344,Perhiasan,24,16.08,1336574,21492109,QRIS,Bandung
TXN-0231,2024-07-02,CUST-356,Perhiasan,22,25.94,1154650,29951621,Tunai,Bandung
TXN-0719,2024-01-10,CUST-459,Perhiasan,18,0.57,926001,527820,QRIS,Surabaya
TXN-0910,2024-08-20,CUST-172,Batangan,22,20.15,1160764,23389394,Kartu Kredit,jakarta pusat
TXN-0456,2025-03-22,CUST-438,Perhiasan,24,49.48,1355139,67052277,Tunai,Medan
TXN-0704,2024-02-10,CUST-138,Batangan,22,32.78,1154474,37843657,QRIS,Bandung
TXN-0444,2025-09-25,CUST-200,Batangan,24,28.28,1325074,37473092,Kartu Kredit,Bandung
TXN-0655,2025-05-22,CUST-213,Batangan,18,17.21,943824,16243211,Tunai,Surabaya
TXN-0775,2024-02-23,CUST-370,Batangan,22,46.25,1132197,52364111,Transfer Bank,Surabaya
TXN-0805,2024-07-02,CUST-419,Batangan,18,40.71,976477,39752378,Kartu Kredit,Medan
TXN-0644,2024-02-27,CUST-137,Perhiasan,22,10.83,1171796,12690550,Transfer Bank,Makassar
TXN-0246,2024-12-14,CUST-230,Perhiasan,22,8.68,1162330,10089024,QRIS,Medan
TXN-0964,2025-12-15,CUST-136,Batangan,18,49.78,956919,47635427,QRIS,Jakarta Pusat
TXN-0553,2024-09-29,CUST-392,Koin,22,44.28,1124938,49812254,Transfer Bank,JKT Pusat
TXN-0095,2025-05-07,CUST-283,Koin,24,18.44,1372413,25307295,QRIS,Jakarta Pusat
TXN-0061,2025-03-30,CUST-203,Perhiasan,18,15.95,954581,15225566,QRIS,jakarta pusat
TXN-0699,2025-10-09,CUST-122,Perhiasan,18,26.42,960067,25364970,Tunai,Makassar
TXN-0665,2024-05-28,CUST-139,Koin,18,43.82,930832,40789058,Transfer Bank,Surabaya
TXN-0087,2024-10-22,CUST-217,Perhiasan,24,22.43,1356630,30429210,QRIS,Medan
TXN-0212,2024-04-22,CUST-288,Perhiasan,18,33.38,972712,32469126,QRIS,SBY
TXN-0332,2024-10-10,CUST-214,Koin,24,16.24,1326191,21537341,Kartu Kredit,Makassar
TXN-0723,2024-04-28,CUST-443,Batangan,18,23.47,967116,22698212,Tunai,Jakarta Pusat
TXN-0996,2025-10-03,CUST-453,Perhiasan,24,12.75,1339572,17079543,Transfer Bank,Bandung
TXN-0282,2025-02-07,CUST-264,Batangan,22,30.69,1165826,35779199,QRIS,Medan
TXN-0198,2025-11-22,CUST-162,Batangan,18,15.93,959439,15283863,QRIS,Makassar
TXN-0827,2025-10-28,CUST-123,Perhiasan,22,34.89,1147761,40045381,Kartu Kredit,Jakarta Pusat
TXN-0630,2025-02-18,CUST-222,Koin,22,10.07,1173150,11813620,Kartu Kredit,Jakarta Pusat
TXN-0920,2025-08-17,CUST-417,Koin,18,43.47,970509,42188026,Tunai,Makassar
TXN-0342,2024-06-20,CUST-377,Perhiasan,18,32.04,941435,30163577,QRIS,Medan
TXN-0798,2024-11-30,CUST-486,Batangan,22,7.84,1148060,9000790,Tunai,Medan
TXN-0123,2025-02-10,CUST-402,Koin,22,44.14,1158679,51144091,QRIS,Jakarta Pusat
TXN-0645,2025-10-21,CUST-427,Perhiasan,18,15.17,935804,14196146,QRIS,Surabaya
TXN-0603,2024-08-17,CUST-108,Perhiasan,18,21.29,967662,20601523,Tunai,JKT Pusat
TXN-0605,2024-06-22,CUST-119,Koin,18,42.97,958248,41175916,Transfer Bank,Bandung
TXN-0131,2025-04-06,CUST-309,Perhiasan,22,35.28,1165203,41108361,Transfer Bank,Surabaya
TXN-0238,2025-05-25,CUST-321,Perhiasan,24,43.55,1357298,59110327,Tunai,Makassar
TXN-0816,2024-04-20,CUST-192,Perhiasan,18,20.53,937517,19247224,Tunai,SBY
TXN-0062,2025-03-03,CUST-138,Perhiasan,24,1.28,1364439,1746481,Tunai,Makassar
TXN-0143,2025-07-28,CUST-205,Koin,22,,1169646,46902804,Transfer Bank,Surabaya
TXN-0847,2024-03-18,CUST-443,Perhiasan,24,26.42,1332352,35200739,Kartu Kredit,Makassar
TXN-0382,2024-02-08,CUST-221,Batangan,22,14.02,1165246,16336748,QRIS,Jakarta Pusat
TXN-0676,2024-02-16,CUST-191,Perhiasan,22,1.99,1146312,2281160,Kartu Kredit,Medan
TXN-0020,2024-11-04,CUST-419,Batangan,24,49.17,1346478,66206323,QRIS,Medan
TXN-0985,2024-05-18,CUST-319,Perhiasan,22,10.25,1136149,11645527,QRIS,Medan
TXN-0608,2024-06-18,CUST-160,Koin,18,39.19,941991,36916627,QRIS,JKT Pusat
TXN-0178,2024-10-09,CUST-174,Koin,18,,933851,1419453,QRIS,Makassar
TXN-0887,2025-05-22,CUST-324,Batangan,22,15.71,1150930,18081110,Tunai,Bandung
TXN-0620,2024-12-07,CUST-480,Koin,18,25.9,956942,24784797,QRIS,Medan
TXN-0422,00-00-2024,CUST-300,Perhiasan,22,35.13,1145363,40236602,Transfer Bank,Makassar
TXN-0870,2024-02-25,CUST-278,Koin,18,4.19,961993,4030750,QRIS,Bandung
TXN-0450,2025-08-23,CUST-410,Batangan,18,12.38,954158,11812476,QRIS,Bandung
TXN-0532,2025-01-10,CUST-128,Koin,24,14.64,1356736,19862615,Tunai,Medan
TXN-0690,2024-12-23,CUST-254,Batangan,18,33.44,929637,31087061,Kartu Kredit,Makassar
TXN-0440,2024-05-06,CUST-201,Batangan,18,11.54,922933,10650646,Tunai,Surabaya
TXN-0631,2025-03-20,CUST-128,Koin,18,3.0,923775,2771325,Tunai,Surabaya
TXN-0229,2025-03-14,CUST-118,Batangan,22,35.08,1151334,40388796,Tunai,Bandung
TXN-0780,2024-10-29,CUST-471,Perhiasan,18,34.39,972592,33447438,QRIS,Bandung
TXN-0367,2025-07-19,CUST-461,Perhiasan,18,46.98,929873,43685433,Transfer Bank,Jakarta Pusat
TXN-0769,2024-09-06,CUST-325,Batangan,22,41.96,1152439,48356340,QRIS,Makassar
TXN-0973,2024-04-27,CUST-192,Batangan,18,11.72,963194,11288633,Kartu Kredit,Jakarta Pusat
TXN-0297,2025-04-17,CUST-384,Perhiasan,24,33.88,1342499,45483866,Tunai,Medan
TXN-0016,2024-04-09,CUST-175,Perhiasan,24,3.63,1373006,4984011,Tunai,SBY
TXN-0415,2025-03-19,CUST-135,Koin,24,2.74,1320178,3617287,Transfer Bank,Makassar
TXN-0876,2024-08-03,CUST-259,Koin,18,47.11,954629,44972572,Kartu Kredit,Bandung
TXN-0781,2024-07-25,CUST-387,Koin,24,45.18,1324631,59846828,QRIS,JKT Pusat
TXN-0791,2024-11-30,CUST-191,Perhiasan,18,32.42,949245,30774522,Transfer Bank,Bandung
TXN-0388,2025-05-20,CUST-292,Perhiasan,24,,1379658,32270200,Transfer Bank,Jakarta Pusat
TXN-0378,2024-04-13,CUST-408,Batangan,18,0.75,957480,718110,Transfer Bank,surabaya
TXN-0066,2024-03-21,CUST-490,Batangan,18,15.79,950720,15011868,QRIS,JKT Pusat
TXN-0741,2025-06-01,CUST-291,Perhiasan,22,40.43,1157729,46806983,Tunai,Makassar
TXN-0702,2024-06-26,CUST-462,Batangan,24,24.87,1323153,32906815,Kartu Kredit,Surabaya
TXN-0968,2024-06-21,CUST-158,Batangan,22,39.4,1132861,44634723,,Medan
TXN-0818,2024-07-01,CUST-107,Koin,24,3.76,1321301,4968091,Tunai,Medan
TXN-0744,2025-10-06,CUST-493,Koin,24,38.98,1362818,53122645,Tunai,Bandung
TXN-0943,2025-08-29,CUST-496,Perhiasan,24,30.91,1362719,42121644,Transfer Bank,Surabaya
TXN-0431,2025-10-31,CUST-203,Koin,22,18.4,1120731,20621450,Tunai,Makassar
TXN-0729,2024-06-25,CUST-323,Batangan,18,32.7,920228,30091455,Transfer Bank,Medan
TXN-0778,2025-02-04,CUST-256,Koin,18,22.4,968821,21701590,Transfer Bank,Jakarta Pusat
TXN-0757,2024-02-20,CUST-350,Batangan,22,42.07,1128243,47465183,QRIS,Surabaya
TXN-0148,2025-02-10,CUST-150,Perhiasan,24,34.71,1323786,45948612,Transfer Bank,Makassar
TXN-0533,2025-02-23,CUST-417,Perhiasan,18,5.02,922716,4632034,Tunai,Jakarta Pusat
TXN-0626,2024-10-27,CUST-197,Koin,22,16.22,1147125,18606367,Transfer Bank,Surabaya
TXN-0455,2025-12-04,CUST-315,Perhiasan,22,11.3,1123432,12694781,Transfer Bank,Surabaya
TXN-0088,2025-12-25,CUST-393,Koin,18,24.96,934506,23325269,Kartu Kredit,Makassar
TXN-0792,2025-03-10,CUST-120,Koin,24,14.77,1342813,19833348,Tunai,Medan
TXN-0267,2025-09-15,CUST-338,Koin,18,26.34,971137,25579748,,Makassar
TXN-0638,2024-05-05,CUST-139,Koin,24,38.07,1334645,50809935,Tunai,SBY
TXN-0727,2024-08-11,CUST-173,Perhiasan,22,32.79,1172172,38435519,QRIS,Surabaya
TXN-0481,2024-01-23,CUST-434,Perhiasan,22,34.12,1135859,38755509,QRIS,Surabaya
TXN-0677,2024-08-20,CUST-452,Koin,24,22.5,1359620,30591450,Kartu Kredit,Medan
TXN-0010,2025-04-11,CUST-417,Perhiasan,24,26.67,1355892,36161639,Tunai,Medan
TXN-0294,2024-08-14,CUST-211,Perhiasan,22,19.1,1159255,22141770,Kartu Kredit,Makassar
TXN-0921,2025-07-07,CUST-183,Perhiasan,18,,960860,14624289,QRIS,SBY
TXN-0221,2024-05-09,CUST-310,Perhiasan,18,23.81,953949,22713525,Kartu Kredit,Surabaya
TXN-0986,2025-05-25,CUST-463,Perhiasan,24,-5.0,1368639,30575395,Transfer Bank,Medan
TXN-0517,2025-05-13,CUST-481,Perhiasan,24,45.41,1341045,60896853,Kartu Kredit,Jakarta Pusat
TXN-0109,2025-01-26,CUST-391,Perhiasan,24,2.6,1340590,3485534,Tunai,Medan
TXN-0962,2025-03-16,CUST-310,Batangan,18,23.74,934271,22179593,Kartu Kredit,Surabaya
TXN-0701,2024-11-11,CUST-259,Perhiasan,18,23.81,930364,22151966,Tunai,Medan
TXN-0637,2024-02-08,CUST-108,Perhiasan,18,43.6,968474,42225466,Tunai,surabaya
TXN-0658,2024-04-26,CUST-323,Perhiasan,24,,1356993,66234828,Kartu Kredit,Jakarta Pusat
TXN-0049,2024-06-15,CUST-387,Batangan,22,33.88,1172719,39731719,Kartu Kredit,Medan
TXN-0609,2025-01-27,CUST-478,Perhiasan,24,,1361311,21821815,Transfer Bank,surabaya
TXN-0752,2024-05-24,CUST-291,Perhiasan,18,29.8,957333,28528523,QRIS,Bandung
TXN-0034,2024-02-28,CUST-104,Koin,22,21.73,1139522,24761813,Transfer Bank,Surabaya
TXN-0299,2024-06-01,CUST-181,Perhiasan,22,2.75,1171628,3221977,QRIS,Jakarta Pusat
TXN-0819,2024-04-04,CUST-178,Perhiasan,24,44.62,1348610,60174978,QRIS,Bandung
TXN-0082,2025-03-31,CUST-109,Batangan,24,19.27,1350063,26015714,Tunai,Makassar
TXN-0844,2024-12-11,CUST-313,Koin,24,12.01,1343065,16130210,QRIS,Bandung
TXN-0995,2024-06-16,CUST-216,Perhiasan,24,1.22,1340906,1635905,Kartu Kredit,JKT Pusat
TXN-0126,2024-04-08,CUST-462,Batangan,24,32.31,1339037,43264285,Tunai,Bandung
TXN-0548,2025-01-03,CUST-241,Perhiasan,18,12.85,929158,11939680,QRIS,Surabaya
TXN-0716,2024-09-12,CUST-212,Perhiasan,22,47.22,1125583,53150029,Tunai,Jakarta Pusat
TXN-0339,2024-02-18,CUST-458,Perhiasan,18,16.94,963000,16313220,Tunai,Surabaya
TXN-0886,2024-12-28,CUST-101,Perhiasan,22,-5.0,1178565,40035853,Tunai,Jakarta Pusat
TXN-0180,2025-09-19,CUST-485,Perhiasan,18,18.6,965747,17962894,Kartu Kredit,Bandung
TXN-0918,2025-09-14,CUST-277,Perhiasan,22,26.5,1160566,30754999,QRIS,Surabaya
TXN-0914,2024-08-15,CUST-469,Perhiasan,24,7.2,1360544,9795916,Kartu Kredit,Bandung
TXN-0107,2025-05-13,CUST-214,Perhiasan,24,20.98,1349850,28319853,Transfer Bank,Bandung
TXN-0403,2025-11-28,CUST-331,Batangan,22,41.21,1152966,47513728,Kartu Kredit,Bandung
TXN-0581,2025-07-18,CUST-247,Perhiasan,18,6.96,968222,6738825,,Surabaya
TXN-0554,2024-03-02,CUST-252,Perhiasan,24,28.19,1358185,38287235,Tunai,Surabaya
TXN-0755,2025-04-01,CUST-303,Perhiasan,24,18.46,1359405,25094616,Kartu Kredit,Bandung
TXN-0939,2025-05-30,CUST-113,Perhiasan,22,44.0,1168128,51397632,Kartu Kredit,Makassar
TXN-0463,2024-03-26,CUST-299,Batangan,18,44.85,976240,43784364,Kartu Kredit,Surabaya
TXN-0036,2025-11-12,CUST-478,Perhiasan,22,25.95,1143047,29662069,,Surabaya
TXN-0754,2024-03-18,CUST-384,Batangan,22,1.72,1174339,2019863,QRIS,Medan
TXN-0315,2024-02-02,CUST-492,Batangan,22,23.55,1176361,27703301,Transfer Bank,Surabaya
TXN-0577,2025-01-30,CUST-151,Perhiasan,24,21.28,1354159,28816503,Kartu Kredit,Medan
TXN-0119,2024-07-19,CUST-137,Perhiasan,18,34.44,961282,33106552,Kartu Kredit,Medan
TXN-0547,2024-02-06,CUST-102,Koin,18,21.97,951973,20914846,Kartu Kredit,Makassar
TXN-0209,2025-09-16,CUST-217,Batangan,18,17.68,979111,17310682,QRIS,Medan
TXN-0317,2025-04-04,CUST-152,Perhiasan,22,45.79,1138255,52120696,Tunai,Jakarta Pusat
TXN-0048,2024-01-21,CUST-113,Batangan,24,40.17,1358220,54559697,Transfer Bank,Surabaya
TXN-0802,2024-03-21,CUST-114,Perhiasan,22,41.27,1139041,47008222,Tunai,Jakarta Pusat
TXN-0782,2024-08-16,CUST-229,Perhiasan,18,41.94,929599,38987382,Kartu Kredit,Jakarta Pusat
TXN-0383,2025-04-21,CUST-145,Perhiasan,24,9.27,1327533,12306230,Transfer Bank,Surabaya
TXN-0453,2024-09-28,CUST-417,Batangan,18,1.85,940863,1740596,,Bandung
TXN-0593,2024-05-12,CUST-340,Perhiasan,22,12.13,1146181,13903175,Tunai,Bandung
TXN-0872,2025-06-09,CUST-140,Perhiasan,22,49.83,1144700,57040401,Tunai,Surabaya
TXN-0239,2024-05-23,CUST-265,Koin,24,20.44,1337065,27329608,Transfer Bank,Jakarta Pusat
TXN-0012,2024-11-26,CUST-433,Batangan,22,23.42,1131706,26504554,Transfer Bank,Medan
TXN-0189,2024-08-12,CUST-281,Perhiasan,24,13.93,1325602,18465635,Transfer Bank,Makassar
TXN-0192,2025-10-25,CUST-279,Batangan,18,-5.0,965349,34250582,Transfer Bank,Surabaya
TXN-0959,2025-08-28,CUST-406,Koin,24,20.01,1340462,26822644,Kartu Kredit,Makassar
TXN-0425,2024-02-16,CUST-300,Batangan,18,47.16,965264,45521850,Tunai,jakarta pusat
TXN-0460,2024-06-02,CUST-314,Batangan,22,44.94,1168674,52520209,Transfer Bank,Bandung
TXN-0074,2025-12-03,CUST-256,Perhiasan,24,3.93,1356824,5332318,Transfer Bank,Bandung
TXN-0817,2025-10-24,CUST-408,Batangan,22,4.84,1143991,5536916,Kartu Kredit,Makassar
TXN-0427,2024-09-25,CUST-116,Perhiasan,22,13.07,1127297,14733771,Transfer Bank,Surabaya
TXN-0563,2025-01-30,CUST-392,Perhiasan,24,22.31,1371408,30596112,Tunai,Medan
TXN-0218,2025-01-19,CUST-240,Batangan,22,47.05,1169002,55001544,Kartu Kredit,Bandung
TXN-0065,2024-07-24,CUST-166,Batangan,18,35.45,946027,33536657,Transfer Bank,surabaya
TXN-0840,2025-05-27,CUST-327,Perhiasan,18,38.49,928683,35745008,Transfer Bank,Jakarta Pusat
TXN-0432,2025-10-20,CUST-141,Perhiasan,22,5.06,1121129,5672912,Kartu Kredit,Surabaya
TXN-0660,2024-02-27,CUST-448,Perhiasan,24,17.2,1369748,23559665,Kartu Kredit,surabaya
TXN-0356,2025-08-29,CUST-141,Perhiasan,22,17.67,1178755,20828600,QRIS,Makassar
TXN-0540,2025-11-19,CUST-476,Batangan,18,33.07,969530,32062357,QRIS,Makassar
TXN-0833,2025-02-06,CUST-252,Koin,24,13.21,1326464,17522589,QRIS,Bandung
TXN-0129,2025-06-30,CUST-240,Batangan,18,5.2,960644,4995348,Transfer Bank,Bandung
TXN-0604,2025-06-02,CUST-198,Batangan,18,0.98,941452,922622,Kartu Kredit,Jakarta Pusat
TXN-0561,2024-06-25,CUST-239,Perhiasan,24,42.93,1374970,59027462,Tunai,Makassar
TXN-0824,2024-10-07,CUST-486,Perhiasan,24,24.71,1360875,33627221,Transfer Bank,Jakarta Pusat
TXN-0728,2024-08-26,CUST-332,Perhiasan,18,12.93,926256,11976490,Kartu Kredit,Bandung
TXN-0262,2024-10-24,CUST-422,Koin,24,17.21,1326772,22833746,Tunai,Bandung
TXN-0399,2024-12-19,CUST-263,Perhiasan,24,36.62,1349769,49428540,Tunai,Medan
TXN-0892,2025-09-22,CUST-253,Perhiasan,22,29.2,1125398,32861621,Kartu Kredit,Medan
TXN-0121,2024-02-17,CUST-299,Koin,22,32.13,1178885,37877575,Transfer Bank,Surabaya
TXN-0162,2025-07-27,CUST-418,Batangan,18,21.1,941042,19855986,QRIS,Surabaya
TXN-0039,2024-07-08,CUST-231,Perhiasan,24,33.51,1328531,44519073,Tunai,Jakarta Pusat
TXN-0495,2024-06-08,CUST-113,Perhiasan,24,25.86,1326358,34299617,Tunai,Surabaya
TXN-0924,2025-06-01,CUST-350,Perhiasan,22,2.39,1179470,2818933,Tunai,Bandung
TXN-0789,2024-11-01,CUST-481,Batangan,24,16.25,1327995,21579918,Transfer Bank,JKT Pusat
TXN-0936,2025-08-04,CUST-396,Batangan,18,29.84,923114,27545721,Transfer Bank,Medan
TXN-0710,2025-04-05,CUST-111,Perhiasan,24,14.75,1353896,19969966,QRIS,Bandung
TXN-0419,2025-07-25,CUST-343,Koin,22,5.74,1142616,6558615,Transfer Bank,Medan
TXN-0884,2024-01-03,CUST-341,Perhiasan,24,31.59,1330740,42038076,Kartu Kredit,Medan
TXN-0190,2024-08-21,CUST-251,Koin,18,5.38,937575,5044153,QRIS,Bandung
TXN-0474,2025-03-07,CUST-115,Perhiasan,24,7.41,1341493,9940463,Kartu Kredit,Medan
TXN-0848,2025-12-30,CUST-171,Perhiasan,24,14.47,1364643,19746384,Transfer Bank,Medan
TXN-0369,2024-11-18,CUST-126,Batangan,24,10.33,1340225,13844524,QRIS,Bandung
TXN-0452,2024-08-24,CUST-111,Perhiasan,24,6.23,1324239,8250008,Tunai,Bandung
TXN-0341,2024-01-17,CUST-345,Perhiasan,22,2.55,1177617,3002923,Transfer Bank,Makassar
TXN-0893,2025-04-29,CUST-202,Batangan,18,17.61,975830,17184366,Transfer Bank,Makassar
TXN-0773,2024-11-01,CUST-496,Batangan,24,37.94,1347155,51111060,Kartu Kredit,Surabaya
TXN-0277,2024-08-20,CUST-177,Perhiasan,18,10.38,942444,9782568,,Jakarta Pusat
TXN-0219,2025-02-06,CUST-314,Perhiasan,18,1.28,957782,1225960,Tunai,Medan
TXN-0319,2025-01-09,CUST-441,Koin,18,46.16,967975,44681726,QRIS,surabaya
TXN-0493,2024-09-14,CUST-202,Koin,22,11.59,1173144,13596738,Transfer Bank,Bandung
TXN-0745,2025-03-12,CUST-473,Batangan,18,33.81,954886,32284695,Kartu Kredit,Makassar
TXN-0105,2024-03-03,CUST-229,Batangan,18,37.52,938610,35216647,QRIS,Surabaya
TXN-0865,2024-09-09,CUST-388,Perhiasan,22,8.12,1133327,9202615,Tunai,JKT Pusat
TXN-0992,2025-10-11,CUST-195,Batangan,18,46.8,947160,44327088,QRIS,Makassar
TXN-0015,2025-01-07,CUST-236,Perhiasan,18,41.28,978233,40381458,QRIS,Medan
TXN-0764,2024-12-13,CUST-233,Batangan,18,36.48,971720,35448345,Transfer Bank,Surabaya
TXN-0712,2025-06-30,CUST-323,Batangan,22,48.21,1148899,55388420,Transfer Bank,Makassar
TXN-0265,2024-05-23,CUST-153,Batangan,24,13.01,1328219,17280129,Tunai,Bandung
TXN-0127,2025-11-14,CUST-495,Perhiasan,24,4.39,1347052,5913558,Transfer Bank,Makassar
TXN-0916,2025-04-14,CUST-363,Koin,22,9.44,1165654,11003773,Tunai,Bandung
TXN-0508,2024-06-16,CUST-114,Perhiasan,22,22.48,1174146,26394802,Transfer Bank,Medan
TXN-0404,2025-07-28,CUST-326,Perhiasan,24,9.08,1347777,12237815,Tunai,Medan
TXN-0952,2024-01-06,CUST-272,Batangan,18,18.31,965972,17686947,QRIS,Bandung
TXN-0331,2025-08-31,CUST-469,Perhiasan,18,18.61,976168,18166486,Kartu Kredit,Bandung
TXN-0222,2024-02-22,CUST-417,Perhiasan,22,32.97,1142092,37654773,Kartu Kredit,Bandung
TXN-0730,00-00-2024,CUST-418,Perhiasan,22,11.01,1144746,12603653,Kartu Kredit,Medan
TXN-0904,2025-06-08,CUST-459,Perhiasan,24,22.88,1330860,30450076,Kartu Kredit,Jakarta Pusat
TXN-0512,2025-01-31,CUST-496,Batangan,18,14.27,926221,13217173,,Surabaya
TXN-0617,2025-10-09,CUST-326,Koin,24,28.52,1361984,38843783,Kartu Kredit,Surabaya
TXN-0138,2024-07-25,CUST-232,Perhiasan,24,30.04,1354806,40698372,Kartu Kredit,Makassar
TXN-0288,2025-08-09,CUST-429,Batangan,18,35.27,925650,32647675,Tunai,Surabaya
TXN-0934,2024-10-03,CUST-102,Perhiasan,18,26.73,975582,26077306,Transfer Bank,Medan
TXN-0002,2025-03-11,CUST-372,Koin,24,22.81,1377608,31423238,QRIS,Bandung
TXN-0692,2025-10-29,CUST-106,Batangan,18,32.42,955693,30983567,Transfer Bank,Surabaya
TXN-0543,2024-04-05,CUST-439,Batangan,18,12.24,920615,11268327,Kartu Kredit,Medan
TXN-0711,2025-07-11,CUST-394,Koin,18,5.12,939894,4812257,Kartu Kredit,Surabaya
TXN-0866,2025-11-22,CUST-201,Perhiasan,18,48.86,977670,47768956,Transfer Bank,Medan
TXN-0042,2025-07-20,CUST-141,Koin,18,40.73,962674,39209712,Tunai,Bandung
TXN-0057,2025-07-18,CUST-244,Perhiasan,24,42.53,1361798,57917268,Tunai,Bandung
TXN-0182,2024-12-24,CUST-309,Batangan,24,15.47,1372349,21230239,Kartu Kredit,Medan
TXN-0147,2025-04-29,CUST-492,Perhiasan,22,11.2,1172662,13133814,QRIS,Jakarta Pusat
TXN-0147,2025-04-29,CUST-492,Perhiasan,22,11.2,1172662,13133814,QRIS,Jakarta Pusat
TXN-0139,2024-01-15,CUST-475,Batangan,18,25.33,952113,24117022,Kartu Kredit,Surabaya
TXN-0375,2024-06-03,CUST-197,Batangan,22,22.71,1135689,25791497,Transfer Bank,Makassar
TXN-0242,2024-05-03,CUST-484,Batangan,24,37.21,1366511,50847874,,Medan
TXN-0969,2024-10-26,CUST-230,Koin,18,31.09,953434,29642263,Tunai,Bandung
TXN-0524,2024-04-24,CUST-368,Perhiasan,22,48.45,1162771,56336254,Tunai,Bandung
TXN-0169,2025-10-01,CUST-301,Batangan,24,26.73,1362833,36428526,Kartu Kredit,Surabaya
TXN-0357,2024-04-08,CUST-455,Perhiasan,22,22.06,1147856,25321703,Tunai,Surabaya
TXN-0220,2025-09-29,CUST-478,Perhiasan,18,26.38,921375,24305872,QRIS,Bandung
TXN-0955,2024-03-15,CUST-218,Perhiasan,18,34.09,943760,32172778,QRIS,Surabaya
TXN-0672,2025-10-20,CUST-315,Perhiasan,24,26.99,1321551,35668661,Tunai,Bandung
TXN-0929,2024-11-10,CUST-487,Perhiasan,22,18.5,1171880,21679780,Tunai,Medan
TXN-0504,2025-09-04,CUST-270,Perhiasan,22,16.32,1135474,18530935,Tunai,Jakarta Pusat
TXN-0114,2025-05-04,CUST-247,Perhiasan,18,34.43,979872,33736992,QRIS,Makassar
TXN-0571,2025-07-17,CUST-110,Batangan,18,23.25,974958,22667773,Kartu Kredit,Bandung
TXN-0255,2025-10-01,CUST-277,Batangan,18,39.39,922159,36323843,Transfer Bank,Makassar
TXN-0161,2025-07-10,CUST-100,Koin,24,39.58,1365760,54056780,Tunai,Jakarta Pusat
TXN-0961,2025-07-27,CUST-181,Perhiasan,22,40.18,1134130,45569343,Kartu Kredit,Surabaya
TXN-0211,2025-11-29,CUST-162,Batangan,22,49.59,1126040,55840323,QRIS,Jakarta Pusat
TXN-0983,2024-11-15,CUST-392,Batangan,24,45.32,1327382,60156952,QRIS,Makassar
TXN-0837,2025-11-12,CUST-481,Perhiasan,22,5.08,1167892,5932891,,Makassar
TXN-0024,2025-01-20,CUST-427,Batangan,22,7.96,1144604,9111047,Kartu Kredit,Medan
TXN-0633,2024-06-15,CUST-294,Perhiasan,18,14.72,978264,14400046,,Jakarta Pusat
TXN-0845,2024-02-15,CUST-216,Perhiasan,18,11.69,922895,10788642,Tunai,Jakarta Pusat
TXN-0031,2024-09-09,CUST-390,Perhiasan,18,31.69,936972,29692642,Transfer Bank,Medan
TXN-0626,2024-10-27,CUST-197,Koin,22,16.22,1147125,18606367,Transfer Bank,Surabaya
TXN-0423,2024-07-14,CUST-253,Koin,24,20.84,1322795,27567047,Kartu Kredit,Surabaya
TXN-0226,2025-12-10,CUST-404,Perhiasan,24,-5.0,1372686,8634194,QRIS,Medan
TXN-0743,00-00-2024,CUST-111,Perhiasan,18,24.39,956547,23330181,Tunai,Makassar
TXN-0760,2025-03-21,CUST-106,Batangan,24,,1321820,57129060,QRIS,Bandung
TXN-0063,2025-05-23,CUST-297,Perhiasan,22,1.35,1175408,1586800,Kartu Kredit,Surabaya
TXN-0001,2024-04-12,CUST-428,Batangan,24,22.47,1332720,29946218,Transfer Bank,Medan
TXN-0348,2025-06-01,CUST-197,Perhiasan,18,30.18,950734,28693152,Tunai,JKT Pusat
TXN-0115,00-00-2024,CUST-110,Perhiasan,22,1.74,1127235,1961388,QRIS,Jakarta Pusat
TXN-0391,2024-01-20,CUST-391,Batangan,24,36.0,1331772,999000000,QRIS,Makassar
TXN-0353,2025-05-11,CUST-245,Perhiasan,18,23.05,963628,22211625,Kartu Kredit,Bandung
TXN-0940,2024-12-15,CUST-111,Koin,24,28.14,1340028,37708387,QRIS,Makassar
TXN-0694,2024-01-08,CUST-334,Koin,22,21.77,1146950,24969101,QRIS,Makassar
TXN-0338,2024-07-10,CUST-380,Perhiasan,18,14.98,967645,14495322,Transfer Bank,Surabaya
TXN-0175,2024-08-12,CUST-343,Batangan,18,10.76,945274,10171148,QRIS,Surabaya
TXN-0052,2025-08-23,CUST-452,Koin,22,28.77,1126477,32408743,QRIS,Surabaya
TXN-0097,2024-06-05,CUST-256,Batangan,18,5.95,979213,5826317,QRIS,Jakarta Pusat
TXN-0316,2025-11-18,CUST-325,Batangan,22,38.78,1157344,44881800,QRIS,Medan
TXN-0733,2025-11-19,CUST-321,Perhiasan,22,6.12,1177769,7207946,QRIS,Jakarta Pusat
TXN-0949,2024-08-16,CUST-154,Koin,24,16.09,1324321,21308324,Tunai,Surabaya
TXN-0766,2024-03-12,CUST-178,Koin,18,49.72,954635,47464452,Tunai,Medan
TXN-0594,2024-06-11,CUST-358,Perhiasan,18,41.59,935386,38902703,,Bandung
TXN-0343,2024-08-07,CUST-334,Batangan,18,30.07,947223,28482995,Transfer Bank,Medan
TXN-0640,2024-06-21,CUST-360,Perhiasan,22,24.48,1133668,27752192,Tunai,Jakarta Pusat
TXN-0019,2025-10-23,CUST-395,Perhiasan,22,23.35,1171322,27350368,Transfer Bank,Makassar
TXN-0606,2025-10-14,CUST-477,Batangan,22,36.69,1160801,42589788,Kartu Kredit,Makassar
TXN-0320,2024-01-22,CUST-463,Perhiasan,22,34.93,1121462,39172667,Transfer Bank,Surabaya
TXN-0068,2025-01-22,CUST-141,Perhiasan,18,,929706,24014305,Tunai,Bandung
TXN-0584,2025-07-22,CUST-409,Batangan,18,39.96,964659,38547773,Transfer Bank,Medan
TXN-0224,2025-12-30,CUST-257,Perhiasan,18,34.51,923729,31877887,Kartu Kredit,Bandung
TXN-0855,2024-02-25,CUST-373,Koin,22,,1139846,27322108,Tunai,Jakarta Pusat
